last_updated_date_key,full_date,day,month,quarter,year,month_name,inserted_at
1,2010-05-21,21,5,2,2010,May,2026-05-09 20:49:58.217644+00
2,2011-01-30,30,1,1,2011,January,2026-05-09 20:49:58.217644+00
3,2011-03-16,16,3,1,2011,March,2026-05-09 20:49:58.217644+00
4,2011-04-11,11,4,2,2011,April,2026-05-09 20:49:58.217644+00
5,2011-04-16,16,4,2,2011,April,2026-05-09 20:49:58.217644+00
6,2011-04-18,18,4,2,2011,April,2026-05-09 20:49:58.217644+00
7,2011-05-12,12,5,2,2011,May,2026-05-09 20:49:58.217644+00
8,2011-06-23,23,6,2,2011,June,2026-05-09 20:49:58.217644+00
9,2011-06-26,26,6,2,2011,June,2026-05-09 20:49:58.217644+00
10,2011-06-29,29,6,2,2011,June,2026-05-09 20:49:58.217644+00
11,2011-07-10,10,7,3,2011,July,2026-05-09 20:49:58.217644+00
12,2011-09-20,20,9,3,2011,September,2026-05-09 20:49:58.217644+00
13,2011-09-22,22,9,3,2011,September,2026-05-09 20:49:58.217644+00
14,2011-10-12,12,10,4,2011,October,2026-05-09 20:49:58.217644+00
15,2011-12-01,1,12,4,2011,December,2026-05-09 20:49:58.217644+00
16,2011-12-03,3,12,4,2011,December,2026-05-09 20:49:58.217644+00
17,2012-01-12,12,1,1,2012,January,2026-05-09 20:49:58.217644+00
18,2012-01-17,17,1,1,2012,January,2026-05-09 20:49:58.217644+00
19,2012-01-18,18,1,1,2012,January,2026-05-09 20:49:58.217644+00
20,2012-02-06,6,2,1,2012,February,2026-05-09 20:49:58.217644+00
21,2012-02-08,8,2,1,2012,February,2026-05-09 20:49:58.217644+00
22,2012-02-27,27,2,1,2012,February,2026-05-09 20:49:58.217644+00
23,2012-04-09,9,4,2,2012,April,2026-05-09 20:49:58.217644+00
24,2012-06-01,1,6,2,2012,June,2026-05-09 20:49:58.217644+00
25,2012-06-17,17,6,2,2012,June,2026-05-09 20:49:58.217644+00
26,2012-06-19,19,6,2,2012,June,2026-05-09 20:49:58.217644+00
27,2012-06-27,27,6,2,2012,June,2026-05-09 20:49:58.217644+00
28,2012-07-20,20,7,3,2012,July,2026-05-09 20:49:58.217644+00
29,2012-07-30,30,7,3,2012,July,2026-05-09 20:49:58.217644+00
30,2012-08-17,17,8,3,2012,August,2026-05-09 20:49:58.217644+00
31,2012-08-18,18,8,3,2012,August,2026-05-09 20:49:58.217644+00
32,2012-08-24,24,8,3,2012,August,2026-05-09 20:49:58.217644+00
33,2012-09-19,19,9,3,2012,September,2026-05-09 20:49:58.217644+00
34,2012-09-27,27,9,3,2012,September,2026-05-09 20:49:58.217644+00
35,2012-10-08,8,10,4,2012,October,2026-05-09 20:49:58.217644+00
36,2012-11-08,8,11,4,2012,November,2026-05-09 20:49:58.217644+00
37,2012-11-11,11,11,4,2012,November,2026-05-09 20:49:58.217644+00
38,2012-11-22,22,11,4,2012,November,2026-05-09 20:49:58.217644+00
39,2012-11-26,26,11,4,2012,November,2026-05-09 20:49:58.217644+00
40,2012-11-28,28,11,4,2012,November,2026-05-09 20:49:58.217644+00
41,2012-12-19,19,12,4,2012,December,2026-05-09 20:49:58.217644+00
42,2013-01-25,25,1,1,2013,January,2026-05-09 20:49:58.217644+00
43,2013-02-03,3,2,1,2013,February,2026-05-09 20:49:58.217644+00
44,2013-02-10,10,2,1,2013,February,2026-05-09 20:49:58.217644+00
45,2013-02-11,11,2,1,2013,February,2026-05-09 20:49:58.217644+00
46,2013-02-12,12,2,1,2013,February,2026-05-09 20:49:58.217644+00
47,2013-02-15,15,2,1,2013,February,2026-05-09 20:49:58.217644+00
48,2013-02-18,18,2,1,2013,February,2026-05-09 20:49:58.217644+00
49,2013-02-22,22,2,1,2013,February,2026-05-09 20:49:58.217644+00
50,2013-03-06,6,3,1,2013,March,2026-05-09 20:49:58.217644+00
51,2013-04-05,5,4,2,2013,April,2026-05-09 20:49:58.217644+00
52,2013-04-10,10,4,2,2013,April,2026-05-09 20:49:58.217644+00
53,2013-04-22,22,4,2,2013,April,2026-05-09 20:49:58.217644+00
54,2013-04-25,25,4,2,2013,April,2026-05-09 20:49:58.217644+00
55,2013-05-02,2,5,2,2013,May,2026-05-09 20:49:58.217644+00
56,2013-05-06,6,5,2,2013,May,2026-05-09 20:49:58.217644+00
57,2013-05-09,9,5,2,2013,May,2026-05-09 20:49:58.217644+00
58,2013-05-14,14,5,2,2013,May,2026-05-09 20:49:58.217644+00
59,2013-05-18,18,5,2,2013,May,2026-05-09 20:49:58.217644+00
60,2013-05-21,21,5,2,2013,May,2026-05-09 20:49:58.217644+00
61,2013-05-22,22,5,2,2013,May,2026-05-09 20:49:58.217644+00
62,2013-05-25,25,5,2,2013,May,2026-05-09 20:49:58.217644+00
63,2013-06-02,2,6,2,2013,June,2026-05-09 20:49:58.217644+00
64,2013-06-04,4,6,2,2013,June,2026-05-09 20:49:58.217644+00
65,2013-06-05,5,6,2,2013,June,2026-05-09 20:49:58.217644+00
66,2013-06-12,12,6,2,2013,June,2026-05-09 20:49:58.217644+00
67,2013-06-15,15,6,2,2013,June,2026-05-09 20:49:58.217644+00
68,2013-06-25,25,6,2,2013,June,2026-05-09 20:49:58.217644+00
69,2013-06-26,26,6,2,2013,June,2026-05-09 20:49:58.217644+00
70,2013-07-01,1,7,3,2013,July,2026-05-09 20:49:58.217644+00
71,2013-07-03,3,7,3,2013,July,2026-05-09 20:49:58.217644+00
72,2013-07-17,17,7,3,2013,July,2026-05-09 20:49:58.217644+00
73,2013-07-18,18,7,3,2013,July,2026-05-09 20:49:58.217644+00
74,2013-07-20,20,7,3,2013,July,2026-05-09 20:49:58.217644+00
75,2013-07-26,26,7,3,2013,July,2026-05-09 20:49:58.217644+00
76,2013-07-27,27,7,3,2013,July,2026-05-09 20:49:58.217644+00
77,2013-07-31,31,7,3,2013,July,2026-05-09 20:49:58.217644+00
78,2013-08-01,1,8,3,2013,August,2026-05-09 20:49:58.217644+00
79,2013-08-07,7,8,3,2013,August,2026-05-09 20:49:58.217644+00
80,2013-08-08,8,8,3,2013,August,2026-05-09 20:49:58.217644+00
81,2013-08-09,9,8,3,2013,August,2026-05-09 20:49:58.217644+00
82,2013-08-10,10,8,3,2013,August,2026-05-09 20:49:58.217644+00
83,2013-08-14,14,8,3,2013,August,2026-05-09 20:49:58.217644+00
84,2013-08-15,15,8,3,2013,August,2026-05-09 20:49:58.217644+00
85,2013-08-16,16,8,3,2013,August,2026-05-09 20:49:58.217644+00
86,2013-08-17,17,8,3,2013,August,2026-05-09 20:49:58.217644+00
87,2013-08-19,19,8,3,2013,August,2026-05-09 20:49:58.217644+00
88,2013-08-22,22,8,3,2013,August,2026-05-09 20:49:58.217644+00
89,2013-08-26,26,8,3,2013,August,2026-05-09 20:49:58.217644+00
90,2013-08-27,27,8,3,2013,August,2026-05-09 20:49:58.217644+00
91,2013-08-30,30,8,3,2013,August,2026-05-09 20:49:58.217644+00
92,2013-08-31,31,8,3,2013,August,2026-05-09 20:49:58.217644+00
93,2013-09-04,4,9,3,2013,September,2026-05-09 20:49:58.217644+00
94,2013-09-05,5,9,3,2013,September,2026-05-09 20:49:58.217644+00
95,2013-09-08,8,9,3,2013,September,2026-05-09 20:49:58.217644+00
96,2013-09-11,11,9,3,2013,September,2026-05-09 20:49:58.217644+00
97,2013-09-13,13,9,3,2013,September,2026-05-09 20:49:58.217644+00
98,2013-09-16,16,9,3,2013,September,2026-05-09 20:49:58.217644+00
99,2013-09-19,19,9,3,2013,September,2026-05-09 20:49:58.217644+00
100,2013-09-23,23,9,3,2013,September,2026-05-09 20:49:58.217644+00
101,2013-09-24,24,9,3,2013,September,2026-05-09 20:49:58.217644+00
102,2013-09-25,25,9,3,2013,September,2026-05-09 20:49:58.217644+00
103,2013-09-27,27,9,3,2013,September,2026-05-09 20:49:58.217644+00
104,2013-09-28,28,9,3,2013,September,2026-05-09 20:49:58.217644+00
105,2013-09-30,30,9,3,2013,September,2026-05-09 20:49:58.217644+00
106,2013-10-01,1,10,4,2013,October,2026-05-09 20:49:58.217644+00
107,2013-10-04,4,10,4,2013,October,2026-05-09 20:49:58.217644+00
108,2013-10-07,7,10,4,2013,October,2026-05-09 20:49:58.217644+00
109,2013-10-11,11,10,4,2013,October,2026-05-09 20:49:58.217644+00
110,2013-10-22,22,10,4,2013,October,2026-05-09 20:49:58.217644+00
111,2013-10-28,28,10,4,2013,October,2026-05-09 20:49:58.217644+00
112,2013-11-01,1,11,4,2013,November,2026-05-09 20:49:58.217644+00
113,2013-11-05,5,11,4,2013,November,2026-05-09 20:49:58.217644+00
114,2013-11-12,12,11,4,2013,November,2026-05-09 20:49:58.217644+00
115,2013-11-13,13,11,4,2013,November,2026-05-09 20:49:58.217644+00
116,2013-11-18,18,11,4,2013,November,2026-05-09 20:49:58.217644+00
117,2013-11-20,20,11,4,2013,November,2026-05-09 20:49:58.217644+00
118,2013-11-22,22,11,4,2013,November,2026-05-09 20:49:58.217644+00
119,2013-11-25,25,11,4,2013,November,2026-05-09 20:49:58.217644+00
120,2013-12-02,2,12,4,2013,December,2026-05-09 20:49:58.217644+00
121,2013-12-05,5,12,4,2013,December,2026-05-09 20:49:58.217644+00
122,2013-12-12,12,12,4,2013,December,2026-05-09 20:49:58.217644+00
123,2013-12-13,13,12,4,2013,December,2026-05-09 20:49:58.217644+00
124,2013-12-17,17,12,4,2013,December,2026-05-09 20:49:58.217644+00
125,2013-12-18,18,12,4,2013,December,2026-05-09 20:49:58.217644+00
126,2013-12-19,19,12,4,2013,December,2026-05-09 20:49:58.217644+00
127,2013-12-23,23,12,4,2013,December,2026-05-09 20:49:58.217644+00
128,2013-12-26,26,12,4,2013,December,2026-05-09 20:49:58.217644+00
129,2014-01-08,8,1,1,2014,January,2026-05-09 20:49:58.217644+00
130,2014-01-11,11,1,1,2014,January,2026-05-09 20:49:58.217644+00
131,2014-01-13,13,1,1,2014,January,2026-05-09 20:49:58.217644+00
132,2014-01-15,15,1,1,2014,January,2026-05-09 20:49:58.217644+00
133,2014-01-17,17,1,1,2014,January,2026-05-09 20:49:58.217644+00
134,2014-01-19,19,1,1,2014,January,2026-05-09 20:49:58.217644+00
135,2014-01-20,20,1,1,2014,January,2026-05-09 20:49:58.217644+00
136,2014-01-21,21,1,1,2014,January,2026-05-09 20:49:58.217644+00
137,2014-01-22,22,1,1,2014,January,2026-05-09 20:49:58.217644+00
138,2014-01-23,23,1,1,2014,January,2026-05-09 20:49:58.217644+00
139,2014-01-24,24,1,1,2014,January,2026-05-09 20:49:58.217644+00
140,2014-01-28,28,1,1,2014,January,2026-05-09 20:49:58.217644+00
141,2014-02-02,2,2,1,2014,February,2026-05-09 20:49:58.217644+00
142,2014-02-05,5,2,1,2014,February,2026-05-09 20:49:58.217644+00
143,2014-02-06,6,2,1,2014,February,2026-05-09 20:49:58.217644+00
144,2014-02-11,11,2,1,2014,February,2026-05-09 20:49:58.217644+00
145,2014-02-12,12,2,1,2014,February,2026-05-09 20:49:58.217644+00
146,2014-02-13,13,2,1,2014,February,2026-05-09 20:49:58.217644+00
147,2014-02-16,16,2,1,2014,February,2026-05-09 20:49:58.217644+00
148,2014-02-17,17,2,1,2014,February,2026-05-09 20:49:58.217644+00
149,2014-02-18,18,2,1,2014,February,2026-05-09 20:49:58.217644+00
150,2014-02-21,21,2,1,2014,February,2026-05-09 20:49:58.217644+00
151,2014-02-22,22,2,1,2014,February,2026-05-09 20:49:58.217644+00
152,2014-02-23,23,2,1,2014,February,2026-05-09 20:49:58.217644+00
153,2014-02-26,26,2,1,2014,February,2026-05-09 20:49:58.217644+00
154,2014-03-03,3,3,1,2014,March,2026-05-09 20:49:58.217644+00
155,2014-03-05,5,3,1,2014,March,2026-05-09 20:49:58.217644+00
156,2014-03-06,6,3,1,2014,March,2026-05-09 20:49:58.217644+00
157,2014-03-07,7,3,1,2014,March,2026-05-09 20:49:58.217644+00
158,2014-03-09,9,3,1,2014,March,2026-05-09 20:49:58.217644+00
159,2014-03-11,11,3,1,2014,March,2026-05-09 20:49:58.217644+00
160,2014-03-13,13,3,1,2014,March,2026-05-09 20:49:58.217644+00
161,2014-03-20,20,3,1,2014,March,2026-05-09 20:49:58.217644+00
162,2014-03-23,23,3,1,2014,March,2026-05-09 20:49:58.217644+00
163,2014-03-25,25,3,1,2014,March,2026-05-09 20:49:58.217644+00
164,2014-04-04,4,4,2,2014,April,2026-05-09 20:49:58.217644+00
165,2014-04-10,10,4,2,2014,April,2026-05-09 20:49:58.217644+00
166,2014-04-11,11,4,2,2014,April,2026-05-09 20:49:58.217644+00
167,2014-04-13,13,4,2,2014,April,2026-05-09 20:49:58.217644+00
168,2014-04-17,17,4,2,2014,April,2026-05-09 20:49:58.217644+00
169,2014-04-22,22,4,2,2014,April,2026-05-09 20:49:58.217644+00
170,2014-04-23,23,4,2,2014,April,2026-05-09 20:49:58.217644+00
171,2014-04-25,25,4,2,2014,April,2026-05-09 20:49:58.217644+00
172,2014-04-30,30,4,2,2014,April,2026-05-09 20:49:58.217644+00
173,2014-05-01,1,5,2,2014,May,2026-05-09 20:49:58.217644+00
174,2014-05-03,3,5,2,2014,May,2026-05-09 20:49:58.217644+00
175,2014-05-06,6,5,2,2014,May,2026-05-09 20:49:58.217644+00
176,2014-05-14,14,5,2,2014,May,2026-05-09 20:49:58.217644+00
177,2014-05-16,16,5,2,2014,May,2026-05-09 20:49:58.217644+00
178,2014-05-18,18,5,2,2014,May,2026-05-09 20:49:58.217644+00
179,2014-05-19,19,5,2,2014,May,2026-05-09 20:49:58.217644+00
180,2014-05-20,20,5,2,2014,May,2026-05-09 20:49:58.217644+00
181,2014-05-24,24,5,2,2014,May,2026-05-09 20:49:58.217644+00
182,2014-05-26,26,5,2,2014,May,2026-05-09 20:49:58.217644+00
183,2014-06-03,3,6,2,2014,June,2026-05-09 20:49:58.217644+00
184,2014-06-05,5,6,2,2014,June,2026-05-09 20:49:58.217644+00
185,2014-06-06,6,6,2,2014,June,2026-05-09 20:49:58.217644+00
186,2014-06-09,9,6,2,2014,June,2026-05-09 20:49:58.217644+00
187,2014-06-13,13,6,2,2014,June,2026-05-09 20:49:58.217644+00
188,2014-06-17,17,6,2,2014,June,2026-05-09 20:49:58.217644+00
189,2014-06-24,24,6,2,2014,June,2026-05-09 20:49:58.217644+00
190,2014-06-30,30,6,2,2014,June,2026-05-09 20:49:58.217644+00
191,2014-07-01,1,7,3,2014,July,2026-05-09 20:49:58.217644+00
192,2014-07-02,2,7,3,2014,July,2026-05-09 20:49:58.217644+00
193,2014-07-03,3,7,3,2014,July,2026-05-09 20:49:58.217644+00
194,2014-07-04,4,7,3,2014,July,2026-05-09 20:49:58.217644+00
195,2014-07-06,6,7,3,2014,July,2026-05-09 20:49:58.217644+00
196,2014-07-09,9,7,3,2014,July,2026-05-09 20:49:58.217644+00
197,2014-07-10,10,7,3,2014,July,2026-05-09 20:49:58.217644+00
198,2014-07-11,11,7,3,2014,July,2026-05-09 20:49:58.217644+00
199,2014-07-12,12,7,3,2014,July,2026-05-09 20:49:58.217644+00
200,2014-07-18,18,7,3,2014,July,2026-05-09 20:49:58.217644+00
201,2014-07-23,23,7,3,2014,July,2026-05-09 20:49:58.217644+00
202,2014-07-26,26,7,3,2014,July,2026-05-09 20:49:58.217644+00
203,2014-07-28,28,7,3,2014,July,2026-05-09 20:49:58.217644+00
204,2014-07-30,30,7,3,2014,July,2026-05-09 20:49:58.217644+00
205,2014-07-31,31,7,3,2014,July,2026-05-09 20:49:58.217644+00
206,2014-08-02,2,8,3,2014,August,2026-05-09 20:49:58.217644+00
207,2014-08-04,4,8,3,2014,August,2026-05-09 20:49:58.217644+00
208,2014-08-05,5,8,3,2014,August,2026-05-09 20:49:58.217644+00
209,2014-08-07,7,8,3,2014,August,2026-05-09 20:49:58.217644+00
210,2014-08-09,9,8,3,2014,August,2026-05-09 20:49:58.217644+00
211,2014-08-11,11,8,3,2014,August,2026-05-09 20:49:58.217644+00
212,2014-08-12,12,8,3,2014,August,2026-05-09 20:49:58.217644+00
213,2014-08-17,17,8,3,2014,August,2026-05-09 20:49:58.217644+00
214,2014-08-19,19,8,3,2014,August,2026-05-09 20:49:58.217644+00
215,2014-08-21,21,8,3,2014,August,2026-05-09 20:49:58.217644+00
216,2014-08-25,25,8,3,2014,August,2026-05-09 20:49:58.217644+00
217,2014-08-26,26,8,3,2014,August,2026-05-09 20:49:58.217644+00
218,2014-08-27,27,8,3,2014,August,2026-05-09 20:49:58.217644+00
219,2014-08-28,28,8,3,2014,August,2026-05-09 20:49:58.217644+00
220,2014-08-30,30,8,3,2014,August,2026-05-09 20:49:58.217644+00
221,2014-09-06,6,9,3,2014,September,2026-05-09 20:49:58.217644+00
222,2014-09-10,10,9,3,2014,September,2026-05-09 20:49:58.217644+00
223,2014-09-12,12,9,3,2014,September,2026-05-09 20:49:58.217644+00
224,2014-09-16,16,9,3,2014,September,2026-05-09 20:49:58.217644+00
225,2014-09-20,20,9,3,2014,September,2026-05-09 20:49:58.217644+00
226,2014-09-22,22,9,3,2014,September,2026-05-09 20:49:58.217644+00
227,2014-09-30,30,9,3,2014,September,2026-05-09 20:49:58.217644+00
228,2014-10-02,2,10,4,2014,October,2026-05-09 20:49:58.217644+00
229,2014-10-06,6,10,4,2014,October,2026-05-09 20:49:58.217644+00
230,2014-10-07,7,10,4,2014,October,2026-05-09 20:49:58.217644+00
231,2014-10-10,10,10,4,2014,October,2026-05-09 20:49:58.217644+00
232,2014-10-11,11,10,4,2014,October,2026-05-09 20:49:58.217644+00
233,2014-10-16,16,10,4,2014,October,2026-05-09 20:49:58.217644+00
234,2014-10-17,17,10,4,2014,October,2026-05-09 20:49:58.217644+00
235,2014-10-18,18,10,4,2014,October,2026-05-09 20:49:58.217644+00
236,2014-10-22,22,10,4,2014,October,2026-05-09 20:49:58.217644+00
237,2014-10-25,25,10,4,2014,October,2026-05-09 20:49:58.217644+00
238,2014-10-28,28,10,4,2014,October,2026-05-09 20:49:58.217644+00
239,2014-10-29,29,10,4,2014,October,2026-05-09 20:49:58.217644+00
240,2014-10-30,30,10,4,2014,October,2026-05-09 20:49:58.217644+00
241,2014-11-03,3,11,4,2014,November,2026-05-09 20:49:58.217644+00
242,2014-11-04,4,11,4,2014,November,2026-05-09 20:49:58.217644+00
243,2014-11-05,5,11,4,2014,November,2026-05-09 20:49:58.217644+00
244,2014-11-06,6,11,4,2014,November,2026-05-09 20:49:58.217644+00
245,2014-11-09,9,11,4,2014,November,2026-05-09 20:49:58.217644+00
246,2014-11-10,10,11,4,2014,November,2026-05-09 20:49:58.217644+00
247,2014-11-12,12,11,4,2014,November,2026-05-09 20:49:58.217644+00
248,2014-11-13,13,11,4,2014,November,2026-05-09 20:49:58.217644+00
249,2014-11-14,14,11,4,2014,November,2026-05-09 20:49:58.217644+00
250,2014-11-15,15,11,4,2014,November,2026-05-09 20:49:58.217644+00
251,2014-11-20,20,11,4,2014,November,2026-05-09 20:49:58.217644+00
252,2014-11-21,21,11,4,2014,November,2026-05-09 20:49:58.217644+00
253,2014-11-25,25,11,4,2014,November,2026-05-09 20:49:58.217644+00
254,2014-11-26,26,11,4,2014,November,2026-05-09 20:49:58.217644+00
255,2014-11-27,27,11,4,2014,November,2026-05-09 20:49:58.217644+00
256,2014-11-30,30,11,4,2014,November,2026-05-09 20:49:58.217644+00
257,2014-12-02,2,12,4,2014,December,2026-05-09 20:49:58.217644+00
258,2014-12-03,3,12,4,2014,December,2026-05-09 20:49:58.217644+00
259,2014-12-04,4,12,4,2014,December,2026-05-09 20:49:58.217644+00
260,2014-12-06,6,12,4,2014,December,2026-05-09 20:49:58.217644+00
261,2014-12-09,9,12,4,2014,December,2026-05-09 20:49:58.217644+00
262,2014-12-13,13,12,4,2014,December,2026-05-09 20:49:58.217644+00
263,2014-12-15,15,12,4,2014,December,2026-05-09 20:49:58.217644+00
264,2014-12-17,17,12,4,2014,December,2026-05-09 20:49:58.217644+00
265,2014-12-18,18,12,4,2014,December,2026-05-09 20:49:58.217644+00
266,2014-12-22,22,12,4,2014,December,2026-05-09 20:49:58.217644+00
267,2014-12-26,26,12,4,2014,December,2026-05-09 20:49:58.217644+00
268,2014-12-29,29,12,4,2014,December,2026-05-09 20:49:58.217644+00
269,2014-12-31,31,12,4,2014,December,2026-05-09 20:49:58.217644+00
270,2015-01-01,1,1,1,2015,January,2026-05-09 20:49:58.217644+00
271,2015-01-07,7,1,1,2015,January,2026-05-09 20:49:58.217644+00
272,2015-01-08,8,1,1,2015,January,2026-05-09 20:49:58.217644+00
273,2015-01-09,9,1,1,2015,January,2026-05-09 20:49:58.217644+00
274,2015-01-11,11,1,1,2015,January,2026-05-09 20:49:58.217644+00
275,2015-01-13,13,1,1,2015,January,2026-05-09 20:49:58.217644+00
276,2015-01-14,14,1,1,2015,January,2026-05-09 20:49:58.217644+00
277,2015-01-15,15,1,1,2015,January,2026-05-09 20:49:58.217644+00
278,2015-01-18,18,1,1,2015,January,2026-05-09 20:49:58.217644+00
279,2015-01-19,19,1,1,2015,January,2026-05-09 20:49:58.217644+00
280,2015-01-20,20,1,1,2015,January,2026-05-09 20:49:58.217644+00
281,2015-01-22,22,1,1,2015,January,2026-05-09 20:49:58.217644+00
282,2015-01-25,25,1,1,2015,January,2026-05-09 20:49:58.217644+00
283,2015-01-26,26,1,1,2015,January,2026-05-09 20:49:58.217644+00
284,2015-01-30,30,1,1,2015,January,2026-05-09 20:49:58.217644+00
285,2015-01-31,31,1,1,2015,January,2026-05-09 20:49:58.217644+00
286,2015-02-02,2,2,1,2015,February,2026-05-09 20:49:58.217644+00
287,2015-02-03,3,2,1,2015,February,2026-05-09 20:49:58.217644+00
288,2015-02-05,5,2,1,2015,February,2026-05-09 20:49:58.217644+00
289,2015-02-10,10,2,1,2015,February,2026-05-09 20:49:58.217644+00
290,2015-02-11,11,2,1,2015,February,2026-05-09 20:49:58.217644+00
291,2015-02-12,12,2,1,2015,February,2026-05-09 20:49:58.217644+00
292,2015-02-13,13,2,1,2015,February,2026-05-09 20:49:58.217644+00
293,2015-02-14,14,2,1,2015,February,2026-05-09 20:49:58.217644+00
294,2015-02-15,15,2,1,2015,February,2026-05-09 20:49:58.217644+00
295,2015-02-18,18,2,1,2015,February,2026-05-09 20:49:58.217644+00
296,2015-02-20,20,2,1,2015,February,2026-05-09 20:49:58.217644+00
297,2015-02-23,23,2,1,2015,February,2026-05-09 20:49:58.217644+00
298,2015-02-25,25,2,1,2015,February,2026-05-09 20:49:58.217644+00
299,2015-02-27,27,2,1,2015,February,2026-05-09 20:49:58.217644+00
300,2015-03-04,4,3,1,2015,March,2026-05-09 20:49:58.217644+00
301,2015-03-05,5,3,1,2015,March,2026-05-09 20:49:58.217644+00
302,2015-03-06,6,3,1,2015,March,2026-05-09 20:49:58.217644+00
303,2015-03-08,8,3,1,2015,March,2026-05-09 20:49:58.217644+00
304,2015-03-09,9,3,1,2015,March,2026-05-09 20:49:58.217644+00
305,2015-03-10,10,3,1,2015,March,2026-05-09 20:49:58.217644+00
306,2015-03-11,11,3,1,2015,March,2026-05-09 20:49:58.217644+00
307,2015-03-12,12,3,1,2015,March,2026-05-09 20:49:58.217644+00
308,2015-03-13,13,3,1,2015,March,2026-05-09 20:49:58.217644+00
309,2015-03-14,14,3,1,2015,March,2026-05-09 20:49:58.217644+00
310,2015-03-16,16,3,1,2015,March,2026-05-09 20:49:58.217644+00
311,2015-03-17,17,3,1,2015,March,2026-05-09 20:49:58.217644+00
312,2015-03-20,20,3,1,2015,March,2026-05-09 20:49:58.217644+00
313,2015-03-21,21,3,1,2015,March,2026-05-09 20:49:58.217644+00
314,2015-03-22,22,3,1,2015,March,2026-05-09 20:49:58.217644+00
315,2015-03-25,25,3,1,2015,March,2026-05-09 20:49:58.217644+00
316,2015-03-26,26,3,1,2015,March,2026-05-09 20:49:58.217644+00
317,2015-03-27,27,3,1,2015,March,2026-05-09 20:49:58.217644+00
318,2015-03-29,29,3,1,2015,March,2026-05-09 20:49:58.217644+00
319,2015-03-30,30,3,1,2015,March,2026-05-09 20:49:58.217644+00
320,2015-03-31,31,3,1,2015,March,2026-05-09 20:49:58.217644+00
321,2015-04-02,2,4,2,2015,April,2026-05-09 20:49:58.217644+00
322,2015-04-03,3,4,2,2015,April,2026-05-09 20:49:58.217644+00
323,2015-04-07,7,4,2,2015,April,2026-05-09 20:49:58.217644+00
324,2015-04-10,10,4,2,2015,April,2026-05-09 20:49:58.217644+00
325,2015-04-14,14,4,2,2015,April,2026-05-09 20:49:58.217644+00
326,2015-04-15,15,4,2,2015,April,2026-05-09 20:49:58.217644+00
327,2015-04-20,20,4,2,2015,April,2026-05-09 20:49:58.217644+00
328,2015-04-23,23,4,2,2015,April,2026-05-09 20:49:58.217644+00
329,2015-04-24,24,4,2,2015,April,2026-05-09 20:49:58.217644+00
330,2015-04-26,26,4,2,2015,April,2026-05-09 20:49:58.217644+00
331,2015-04-29,29,4,2,2015,April,2026-05-09 20:49:58.217644+00
332,2015-05-01,1,5,2,2015,May,2026-05-09 20:49:58.217644+00
333,2015-05-02,2,5,2,2015,May,2026-05-09 20:49:58.217644+00
334,2015-05-04,4,5,2,2015,May,2026-05-09 20:49:58.217644+00
335,2015-05-06,6,5,2,2015,May,2026-05-09 20:49:58.217644+00
336,2015-05-08,8,5,2,2015,May,2026-05-09 20:49:58.217644+00
337,2015-05-10,10,5,2,2015,May,2026-05-09 20:49:58.217644+00
338,2015-05-11,11,5,2,2015,May,2026-05-09 20:49:58.217644+00
339,2015-05-13,13,5,2,2015,May,2026-05-09 20:49:58.217644+00
340,2015-05-14,14,5,2,2015,May,2026-05-09 20:49:58.217644+00
341,2015-05-15,15,5,2,2015,May,2026-05-09 20:49:58.217644+00
342,2015-05-16,16,5,2,2015,May,2026-05-09 20:49:58.217644+00
343,2015-05-19,19,5,2,2015,May,2026-05-09 20:49:58.217644+00
344,2015-05-21,21,5,2,2015,May,2026-05-09 20:49:58.217644+00
345,2015-05-24,24,5,2,2015,May,2026-05-09 20:49:58.217644+00
346,2015-05-25,25,5,2,2015,May,2026-05-09 20:49:58.217644+00
347,2015-05-26,26,5,2,2015,May,2026-05-09 20:49:58.217644+00
348,2015-05-27,27,5,2,2015,May,2026-05-09 20:49:58.217644+00
349,2015-05-30,30,5,2,2015,May,2026-05-09 20:49:58.217644+00
350,2015-06-03,3,6,2,2015,June,2026-05-09 20:49:58.217644+00
351,2015-06-04,4,6,2,2015,June,2026-05-09 20:49:58.217644+00
352,2015-06-05,5,6,2,2015,June,2026-05-09 20:49:58.217644+00
353,2015-06-06,6,6,2,2015,June,2026-05-09 20:49:58.217644+00
354,2015-06-08,8,6,2,2015,June,2026-05-09 20:49:58.217644+00
355,2015-06-09,9,6,2,2015,June,2026-05-09 20:49:58.217644+00
356,2015-06-10,10,6,2,2015,June,2026-05-09 20:49:58.217644+00
357,2015-06-11,11,6,2,2015,June,2026-05-09 20:49:58.217644+00
358,2015-06-14,14,6,2,2015,June,2026-05-09 20:49:58.217644+00
359,2015-06-15,15,6,2,2015,June,2026-05-09 20:49:58.217644+00
360,2015-06-16,16,6,2,2015,June,2026-05-09 20:49:58.217644+00
361,2015-06-17,17,6,2,2015,June,2026-05-09 20:49:58.217644+00
362,2015-06-18,18,6,2,2015,June,2026-05-09 20:49:58.217644+00
363,2015-06-19,19,6,2,2015,June,2026-05-09 20:49:58.217644+00
364,2015-06-23,23,6,2,2015,June,2026-05-09 20:49:58.217644+00
365,2015-06-24,24,6,2,2015,June,2026-05-09 20:49:58.217644+00
366,2015-06-25,25,6,2,2015,June,2026-05-09 20:49:58.217644+00
367,2015-06-26,26,6,2,2015,June,2026-05-09 20:49:58.217644+00
368,2015-06-28,28,6,2,2015,June,2026-05-09 20:49:58.217644+00
369,2015-07-01,1,7,3,2015,July,2026-05-09 20:49:58.217644+00
370,2015-07-02,2,7,3,2015,July,2026-05-09 20:49:58.217644+00
371,2015-07-06,6,7,3,2015,July,2026-05-09 20:49:58.217644+00
372,2015-07-07,7,7,3,2015,July,2026-05-09 20:49:58.217644+00
373,2015-07-10,10,7,3,2015,July,2026-05-09 20:49:58.217644+00
374,2015-07-11,11,7,3,2015,July,2026-05-09 20:49:58.217644+00
375,2015-07-14,14,7,3,2015,July,2026-05-09 20:49:58.217644+00
376,2015-07-15,15,7,3,2015,July,2026-05-09 20:49:58.217644+00
377,2015-07-16,16,7,3,2015,July,2026-05-09 20:49:58.217644+00
378,2015-07-17,17,7,3,2015,July,2026-05-09 20:49:58.217644+00
379,2015-07-18,18,7,3,2015,July,2026-05-09 20:49:58.217644+00
380,2015-07-19,19,7,3,2015,July,2026-05-09 20:49:58.217644+00
381,2015-07-23,23,7,3,2015,July,2026-05-09 20:49:58.217644+00
382,2015-07-25,25,7,3,2015,July,2026-05-09 20:49:58.217644+00
383,2015-07-26,26,7,3,2015,July,2026-05-09 20:49:58.217644+00
384,2015-07-28,28,7,3,2015,July,2026-05-09 20:49:58.217644+00
385,2015-07-29,29,7,3,2015,July,2026-05-09 20:49:58.217644+00
386,2015-07-30,30,7,3,2015,July,2026-05-09 20:49:58.217644+00
387,2015-08-01,1,8,3,2015,August,2026-05-09 20:49:58.217644+00
388,2015-08-03,3,8,3,2015,August,2026-05-09 20:49:58.217644+00
389,2015-08-05,5,8,3,2015,August,2026-05-09 20:49:58.217644+00
390,2015-08-06,6,8,3,2015,August,2026-05-09 20:49:58.217644+00
391,2015-08-07,7,8,3,2015,August,2026-05-09 20:49:58.217644+00
392,2015-08-08,8,8,3,2015,August,2026-05-09 20:49:58.217644+00
393,2015-08-10,10,8,3,2015,August,2026-05-09 20:49:58.217644+00
394,2015-08-11,11,8,3,2015,August,2026-05-09 20:49:58.217644+00
395,2015-08-12,12,8,3,2015,August,2026-05-09 20:49:58.217644+00
396,2015-08-13,13,8,3,2015,August,2026-05-09 20:49:58.217644+00
397,2015-08-16,16,8,3,2015,August,2026-05-09 20:49:58.217644+00
398,2015-08-18,18,8,3,2015,August,2026-05-09 20:49:58.217644+00
399,2015-08-20,20,8,3,2015,August,2026-05-09 20:49:58.217644+00
400,2015-08-21,21,8,3,2015,August,2026-05-09 20:49:58.217644+00
401,2015-08-22,22,8,3,2015,August,2026-05-09 20:49:58.217644+00
402,2015-08-24,24,8,3,2015,August,2026-05-09 20:49:58.217644+00
403,2015-08-25,25,8,3,2015,August,2026-05-09 20:49:58.217644+00
404,2015-08-26,26,8,3,2015,August,2026-05-09 20:49:58.217644+00
405,2015-08-28,28,8,3,2015,August,2026-05-09 20:49:58.217644+00
406,2015-08-30,30,8,3,2015,August,2026-05-09 20:49:58.217644+00
407,2015-08-31,31,8,3,2015,August,2026-05-09 20:49:58.217644+00
408,2015-09-01,1,9,3,2015,September,2026-05-09 20:49:58.217644+00
409,2015-09-02,2,9,3,2015,September,2026-05-09 20:49:58.217644+00
410,2015-09-03,3,9,3,2015,September,2026-05-09 20:49:58.217644+00
411,2015-09-05,5,9,3,2015,September,2026-05-09 20:49:58.217644+00
412,2015-09-06,6,9,3,2015,September,2026-05-09 20:49:58.217644+00
413,2015-09-07,7,9,3,2015,September,2026-05-09 20:49:58.217644+00
414,2015-09-08,8,9,3,2015,September,2026-05-09 20:49:58.217644+00
415,2015-09-09,9,9,3,2015,September,2026-05-09 20:49:58.217644+00
416,2015-09-11,11,9,3,2015,September,2026-05-09 20:49:58.217644+00
417,2015-09-12,12,9,3,2015,September,2026-05-09 20:49:58.217644+00
418,2015-09-13,13,9,3,2015,September,2026-05-09 20:49:58.217644+00
419,2015-09-14,14,9,3,2015,September,2026-05-09 20:49:58.217644+00
420,2015-09-15,15,9,3,2015,September,2026-05-09 20:49:58.217644+00
421,2015-09-17,17,9,3,2015,September,2026-05-09 20:49:58.217644+00
422,2015-09-21,21,9,3,2015,September,2026-05-09 20:49:58.217644+00
423,2015-09-22,22,9,3,2015,September,2026-05-09 20:49:58.217644+00
424,2015-09-23,23,9,3,2015,September,2026-05-09 20:49:58.217644+00
425,2015-09-24,24,9,3,2015,September,2026-05-09 20:49:58.217644+00
426,2015-09-25,25,9,3,2015,September,2026-05-09 20:49:58.217644+00
427,2015-09-26,26,9,3,2015,September,2026-05-09 20:49:58.217644+00
428,2015-09-27,27,9,3,2015,September,2026-05-09 20:49:58.217644+00
429,2015-09-29,29,9,3,2015,September,2026-05-09 20:49:58.217644+00
430,2015-09-30,30,9,3,2015,September,2026-05-09 20:49:58.217644+00
431,2015-10-01,1,10,4,2015,October,2026-05-09 20:49:58.217644+00
432,2015-10-02,2,10,4,2015,October,2026-05-09 20:49:58.217644+00
433,2015-10-03,3,10,4,2015,October,2026-05-09 20:49:58.217644+00
434,2015-10-04,4,10,4,2015,October,2026-05-09 20:49:58.217644+00
435,2015-10-05,5,10,4,2015,October,2026-05-09 20:49:58.217644+00
436,2015-10-07,7,10,4,2015,October,2026-05-09 20:49:58.217644+00
437,2015-10-08,8,10,4,2015,October,2026-05-09 20:49:58.217644+00
438,2015-10-09,9,10,4,2015,October,2026-05-09 20:49:58.217644+00
439,2015-10-11,11,10,4,2015,October,2026-05-09 20:49:58.217644+00
440,2015-10-12,12,10,4,2015,October,2026-05-09 20:49:58.217644+00
441,2015-10-13,13,10,4,2015,October,2026-05-09 20:49:58.217644+00
442,2015-10-14,14,10,4,2015,October,2026-05-09 20:49:58.217644+00
443,2015-10-15,15,10,4,2015,October,2026-05-09 20:49:58.217644+00
444,2015-10-16,16,10,4,2015,October,2026-05-09 20:49:58.217644+00
445,2015-10-17,17,10,4,2015,October,2026-05-09 20:49:58.217644+00
446,2015-10-19,19,10,4,2015,October,2026-05-09 20:49:58.217644+00
447,2015-10-20,20,10,4,2015,October,2026-05-09 20:49:58.217644+00
448,2015-10-21,21,10,4,2015,October,2026-05-09 20:49:58.217644+00
449,2015-10-22,22,10,4,2015,October,2026-05-09 20:49:58.217644+00
450,2015-10-26,26,10,4,2015,October,2026-05-09 20:49:58.217644+00
451,2015-10-27,27,10,4,2015,October,2026-05-09 20:49:58.217644+00
452,2015-10-29,29,10,4,2015,October,2026-05-09 20:49:58.217644+00
453,2015-10-30,30,10,4,2015,October,2026-05-09 20:49:58.217644+00
454,2015-11-02,2,11,4,2015,November,2026-05-09 20:49:58.217644+00
455,2015-11-03,3,11,4,2015,November,2026-05-09 20:49:58.217644+00
456,2015-11-04,4,11,4,2015,November,2026-05-09 20:49:58.217644+00
457,2015-11-05,5,11,4,2015,November,2026-05-09 20:49:58.217644+00
458,2015-11-08,8,11,4,2015,November,2026-05-09 20:49:58.217644+00
459,2015-11-09,9,11,4,2015,November,2026-05-09 20:49:58.217644+00
460,2015-11-11,11,11,4,2015,November,2026-05-09 20:49:58.217644+00
461,2015-11-12,12,11,4,2015,November,2026-05-09 20:49:58.217644+00
462,2015-11-13,13,11,4,2015,November,2026-05-09 20:49:58.217644+00
463,2015-11-14,14,11,4,2015,November,2026-05-09 20:49:58.217644+00
464,2015-11-16,16,11,4,2015,November,2026-05-09 20:49:58.217644+00
465,2015-11-19,19,11,4,2015,November,2026-05-09 20:49:58.217644+00
466,2015-11-20,20,11,4,2015,November,2026-05-09 20:49:58.217644+00
467,2015-11-23,23,11,4,2015,November,2026-05-09 20:49:58.217644+00
468,2015-11-25,25,11,4,2015,November,2026-05-09 20:49:58.217644+00
469,2015-11-26,26,11,4,2015,November,2026-05-09 20:49:58.217644+00
470,2015-11-27,27,11,4,2015,November,2026-05-09 20:49:58.217644+00
471,2015-11-28,28,11,4,2015,November,2026-05-09 20:49:58.217644+00
472,2015-12-01,1,12,4,2015,December,2026-05-09 20:49:58.217644+00
473,2015-12-03,3,12,4,2015,December,2026-05-09 20:49:58.217644+00
474,2015-12-04,4,12,4,2015,December,2026-05-09 20:49:58.217644+00
475,2015-12-07,7,12,4,2015,December,2026-05-09 20:49:58.217644+00
476,2015-12-08,8,12,4,2015,December,2026-05-09 20:49:58.217644+00
477,2015-12-09,9,12,4,2015,December,2026-05-09 20:49:58.217644+00
478,2015-12-10,10,12,4,2015,December,2026-05-09 20:49:58.217644+00
479,2015-12-11,11,12,4,2015,December,2026-05-09 20:49:58.217644+00
480,2015-12-14,14,12,4,2015,December,2026-05-09 20:49:58.217644+00
481,2015-12-15,15,12,4,2015,December,2026-05-09 20:49:58.217644+00
482,2015-12-16,16,12,4,2015,December,2026-05-09 20:49:58.217644+00
483,2015-12-17,17,12,4,2015,December,2026-05-09 20:49:58.217644+00
484,2015-12-18,18,12,4,2015,December,2026-05-09 20:49:58.217644+00
485,2015-12-19,19,12,4,2015,December,2026-05-09 20:49:58.217644+00
486,2015-12-20,20,12,4,2015,December,2026-05-09 20:49:58.217644+00
487,2015-12-21,21,12,4,2015,December,2026-05-09 20:49:58.217644+00
488,2015-12-22,22,12,4,2015,December,2026-05-09 20:49:58.217644+00
489,2015-12-23,23,12,4,2015,December,2026-05-09 20:49:58.217644+00
490,2015-12-24,24,12,4,2015,December,2026-05-09 20:49:58.217644+00
491,2015-12-26,26,12,4,2015,December,2026-05-09 20:49:58.217644+00
492,2015-12-28,28,12,4,2015,December,2026-05-09 20:49:58.217644+00
493,2015-12-30,30,12,4,2015,December,2026-05-09 20:49:58.217644+00
494,2015-12-31,31,12,4,2015,December,2026-05-09 20:49:58.217644+00
495,2016-01-01,1,1,1,2016,January,2026-05-09 20:49:58.217644+00
496,2016-01-04,4,1,1,2016,January,2026-05-09 20:49:58.217644+00
497,2016-01-05,5,1,1,2016,January,2026-05-09 20:49:58.217644+00
498,2016-01-07,7,1,1,2016,January,2026-05-09 20:49:58.217644+00
499,2016-01-08,8,1,1,2016,January,2026-05-09 20:49:58.217644+00
500,2016-01-10,10,1,1,2016,January,2026-05-09 20:49:58.217644+00
501,2016-01-11,11,1,1,2016,January,2026-05-09 20:49:58.217644+00
502,2016-01-12,12,1,1,2016,January,2026-05-09 20:49:58.217644+00
503,2016-01-13,13,1,1,2016,January,2026-05-09 20:49:58.217644+00
504,2016-01-15,15,1,1,2016,January,2026-05-09 20:49:58.217644+00
505,2016-01-16,16,1,1,2016,January,2026-05-09 20:49:58.217644+00
506,2016-01-17,17,1,1,2016,January,2026-05-09 20:49:58.217644+00
507,2016-01-18,18,1,1,2016,January,2026-05-09 20:49:58.217644+00
508,2016-01-19,19,1,1,2016,January,2026-05-09 20:49:58.217644+00
509,2016-01-20,20,1,1,2016,January,2026-05-09 20:49:58.217644+00
510,2016-01-23,23,1,1,2016,January,2026-05-09 20:49:58.217644+00
511,2016-01-24,24,1,1,2016,January,2026-05-09 20:49:58.217644+00
512,2016-01-25,25,1,1,2016,January,2026-05-09 20:49:58.217644+00
513,2016-01-26,26,1,1,2016,January,2026-05-09 20:49:58.217644+00
514,2016-01-27,27,1,1,2016,January,2026-05-09 20:49:58.217644+00
515,2016-01-29,29,1,1,2016,January,2026-05-09 20:49:58.217644+00
516,2016-01-30,30,1,1,2016,January,2026-05-09 20:49:58.217644+00
517,2016-02-01,1,2,1,2016,February,2026-05-09 20:49:58.217644+00
518,2016-02-02,2,2,1,2016,February,2026-05-09 20:49:58.217644+00
519,2016-02-03,3,2,1,2016,February,2026-05-09 20:49:58.217644+00
520,2016-02-04,4,2,1,2016,February,2026-05-09 20:49:58.217644+00
521,2016-02-05,5,2,1,2016,February,2026-05-09 20:49:58.217644+00
522,2016-02-07,7,2,1,2016,February,2026-05-09 20:49:58.217644+00
523,2016-02-08,8,2,1,2016,February,2026-05-09 20:49:58.217644+00
524,2016-02-09,9,2,1,2016,February,2026-05-09 20:49:58.217644+00
525,2016-02-10,10,2,1,2016,February,2026-05-09 20:49:58.217644+00
526,2016-02-11,11,2,1,2016,February,2026-05-09 20:49:58.217644+00
527,2016-02-12,12,2,1,2016,February,2026-05-09 20:49:58.217644+00
528,2016-02-15,15,2,1,2016,February,2026-05-09 20:49:58.217644+00
529,2016-02-16,16,2,1,2016,February,2026-05-09 20:49:58.217644+00
530,2016-02-17,17,2,1,2016,February,2026-05-09 20:49:58.217644+00
531,2016-02-18,18,2,1,2016,February,2026-05-09 20:49:58.217644+00
532,2016-02-19,19,2,1,2016,February,2026-05-09 20:49:58.217644+00
533,2016-02-20,20,2,1,2016,February,2026-05-09 20:49:58.217644+00
534,2016-02-22,22,2,1,2016,February,2026-05-09 20:49:58.217644+00
535,2016-02-23,23,2,1,2016,February,2026-05-09 20:49:58.217644+00
536,2016-02-24,24,2,1,2016,February,2026-05-09 20:49:58.217644+00
537,2016-02-25,25,2,1,2016,February,2026-05-09 20:49:58.217644+00
538,2016-02-26,26,2,1,2016,February,2026-05-09 20:49:58.217644+00
539,2016-02-27,27,2,1,2016,February,2026-05-09 20:49:58.217644+00
540,2016-02-29,29,2,1,2016,February,2026-05-09 20:49:58.217644+00
541,2016-03-01,1,3,1,2016,March,2026-05-09 20:49:58.217644+00
542,2016-03-02,2,3,1,2016,March,2026-05-09 20:49:58.217644+00
543,2016-03-03,3,3,1,2016,March,2026-05-09 20:49:58.217644+00
544,2016-03-04,4,3,1,2016,March,2026-05-09 20:49:58.217644+00
545,2016-03-05,5,3,1,2016,March,2026-05-09 20:49:58.217644+00
546,2016-03-07,7,3,1,2016,March,2026-05-09 20:49:58.217644+00
547,2016-03-08,8,3,1,2016,March,2026-05-09 20:49:58.217644+00
548,2016-03-10,10,3,1,2016,March,2026-05-09 20:49:58.217644+00
549,2016-03-11,11,3,1,2016,March,2026-05-09 20:49:58.217644+00
550,2016-03-12,12,3,1,2016,March,2026-05-09 20:49:58.217644+00
551,2016-03-14,14,3,1,2016,March,2026-05-09 20:49:58.217644+00
552,2016-03-15,15,3,1,2016,March,2026-05-09 20:49:58.217644+00
553,2016-03-16,16,3,1,2016,March,2026-05-09 20:49:58.217644+00
554,2016-03-17,17,3,1,2016,March,2026-05-09 20:49:58.217644+00
555,2016-03-18,18,3,1,2016,March,2026-05-09 20:49:58.217644+00
556,2016-03-19,19,3,1,2016,March,2026-05-09 20:49:58.217644+00
557,2016-03-20,20,3,1,2016,March,2026-05-09 20:49:58.217644+00
558,2016-03-21,21,3,1,2016,March,2026-05-09 20:49:58.217644+00
559,2016-03-22,22,3,1,2016,March,2026-05-09 20:49:58.217644+00
560,2016-03-23,23,3,1,2016,March,2026-05-09 20:49:58.217644+00
561,2016-03-24,24,3,1,2016,March,2026-05-09 20:49:58.217644+00
562,2016-03-25,25,3,1,2016,March,2026-05-09 20:49:58.217644+00
563,2016-03-28,28,3,1,2016,March,2026-05-09 20:49:58.217644+00
564,2016-03-29,29,3,1,2016,March,2026-05-09 20:49:58.217644+00
565,2016-03-30,30,3,1,2016,March,2026-05-09 20:49:58.217644+00
566,2016-03-31,31,3,1,2016,March,2026-05-09 20:49:58.217644+00
567,2016-04-01,1,4,2,2016,April,2026-05-09 20:49:58.217644+00
568,2016-04-02,2,4,2,2016,April,2026-05-09 20:49:58.217644+00
569,2016-04-03,3,4,2,2016,April,2026-05-09 20:49:58.217644+00
570,2016-04-04,4,4,2,2016,April,2026-05-09 20:49:58.217644+00
571,2016-04-05,5,4,2,2016,April,2026-05-09 20:49:58.217644+00
572,2016-04-06,6,4,2,2016,April,2026-05-09 20:49:58.217644+00
573,2016-04-07,7,4,2,2016,April,2026-05-09 20:49:58.217644+00
574,2016-04-08,8,4,2,2016,April,2026-05-09 20:49:58.217644+00
575,2016-04-10,10,4,2,2016,April,2026-05-09 20:49:58.217644+00
576,2016-04-11,11,4,2,2016,April,2026-05-09 20:49:58.217644+00
577,2016-04-12,12,4,2,2016,April,2026-05-09 20:49:58.217644+00
578,2016-04-13,13,4,2,2016,April,2026-05-09 20:49:58.217644+00
579,2016-04-14,14,4,2,2016,April,2026-05-09 20:49:58.217644+00
580,2016-04-15,15,4,2,2016,April,2026-05-09 20:49:58.217644+00
581,2016-04-17,17,4,2,2016,April,2026-05-09 20:49:58.217644+00
582,2016-04-19,19,4,2,2016,April,2026-05-09 20:49:58.217644+00
583,2016-04-20,20,4,2,2016,April,2026-05-09 20:49:58.217644+00
584,2016-04-21,21,4,2,2016,April,2026-05-09 20:49:58.217644+00
585,2016-04-22,22,4,2,2016,April,2026-05-09 20:49:58.217644+00
586,2016-04-23,23,4,2,2016,April,2026-05-09 20:49:58.217644+00
587,2016-04-24,24,4,2,2016,April,2026-05-09 20:49:58.217644+00
588,2016-04-25,25,4,2,2016,April,2026-05-09 20:49:58.217644+00
589,2016-04-27,27,4,2,2016,April,2026-05-09 20:49:58.217644+00
590,2016-04-28,28,4,2,2016,April,2026-05-09 20:49:58.217644+00
591,2016-04-29,29,4,2,2016,April,2026-05-09 20:49:58.217644+00
592,2016-04-30,30,4,2,2016,April,2026-05-09 20:49:58.217644+00
593,2016-05-01,1,5,2,2016,May,2026-05-09 20:49:58.217644+00
594,2016-05-02,2,5,2,2016,May,2026-05-09 20:49:58.217644+00
595,2016-05-03,3,5,2,2016,May,2026-05-09 20:49:58.217644+00
596,2016-05-04,4,5,2,2016,May,2026-05-09 20:49:58.217644+00
597,2016-05-05,5,5,2,2016,May,2026-05-09 20:49:58.217644+00
598,2016-05-07,7,5,2,2016,May,2026-05-09 20:49:58.217644+00
599,2016-05-09,9,5,2,2016,May,2026-05-09 20:49:58.217644+00
600,2016-05-10,10,5,2,2016,May,2026-05-09 20:49:58.217644+00
601,2016-05-11,11,5,2,2016,May,2026-05-09 20:49:58.217644+00
602,2016-05-12,12,5,2,2016,May,2026-05-09 20:49:58.217644+00
603,2016-05-13,13,5,2,2016,May,2026-05-09 20:49:58.217644+00
604,2016-05-14,14,5,2,2016,May,2026-05-09 20:49:58.217644+00
605,2016-05-15,15,5,2,2016,May,2026-05-09 20:49:58.217644+00
606,2016-05-16,16,5,2,2016,May,2026-05-09 20:49:58.217644+00
607,2016-05-17,17,5,2,2016,May,2026-05-09 20:49:58.217644+00
608,2016-05-18,18,5,2,2016,May,2026-05-09 20:49:58.217644+00
609,2016-05-19,19,5,2,2016,May,2026-05-09 20:49:58.217644+00
610,2016-05-22,22,5,2,2016,May,2026-05-09 20:49:58.217644+00
611,2016-05-23,23,5,2,2016,May,2026-05-09 20:49:58.217644+00
612,2016-05-25,25,5,2,2016,May,2026-05-09 20:49:58.217644+00
613,2016-05-26,26,5,2,2016,May,2026-05-09 20:49:58.217644+00
614,2016-05-27,27,5,2,2016,May,2026-05-09 20:49:58.217644+00
615,2016-05-29,29,5,2,2016,May,2026-05-09 20:49:58.217644+00
616,2016-05-30,30,5,2,2016,May,2026-05-09 20:49:58.217644+00
617,2016-05-31,31,5,2,2016,May,2026-05-09 20:49:58.217644+00
618,2016-06-01,1,6,2,2016,June,2026-05-09 20:49:58.217644+00
619,2016-06-02,2,6,2,2016,June,2026-05-09 20:49:58.217644+00
620,2016-06-03,3,6,2,2016,June,2026-05-09 20:49:58.217644+00
621,2016-06-06,6,6,2,2016,June,2026-05-09 20:49:58.217644+00
622,2016-06-07,7,6,2,2016,June,2026-05-09 20:49:58.217644+00
623,2016-06-08,8,6,2,2016,June,2026-05-09 20:49:58.217644+00
624,2016-06-09,9,6,2,2016,June,2026-05-09 20:49:58.217644+00
625,2016-06-10,10,6,2,2016,June,2026-05-09 20:49:58.217644+00
626,2016-06-11,11,6,2,2016,June,2026-05-09 20:49:58.217644+00
627,2016-06-13,13,6,2,2016,June,2026-05-09 20:49:58.217644+00
628,2016-06-14,14,6,2,2016,June,2026-05-09 20:49:58.217644+00
629,2016-06-15,15,6,2,2016,June,2026-05-09 20:49:58.217644+00
630,2016-06-16,16,6,2,2016,June,2026-05-09 20:49:58.217644+00
631,2016-06-17,17,6,2,2016,June,2026-05-09 20:49:58.217644+00
632,2016-06-18,18,6,2,2016,June,2026-05-09 20:49:58.217644+00
633,2016-06-19,19,6,2,2016,June,2026-05-09 20:49:58.217644+00
634,2016-06-20,20,6,2,2016,June,2026-05-09 20:49:58.217644+00
635,2016-06-21,21,6,2,2016,June,2026-05-09 20:49:58.217644+00
636,2016-06-22,22,6,2,2016,June,2026-05-09 20:49:58.217644+00
637,2016-06-23,23,6,2,2016,June,2026-05-09 20:49:58.217644+00
638,2016-06-24,24,6,2,2016,June,2026-05-09 20:49:58.217644+00
639,2016-06-25,25,6,2,2016,June,2026-05-09 20:49:58.217644+00
640,2016-06-27,27,6,2,2016,June,2026-05-09 20:49:58.217644+00
641,2016-06-28,28,6,2,2016,June,2026-05-09 20:49:58.217644+00
642,2016-06-29,29,6,2,2016,June,2026-05-09 20:49:58.217644+00
643,2016-06-30,30,6,2,2016,June,2026-05-09 20:49:58.217644+00
644,2016-07-01,1,7,3,2016,July,2026-05-09 20:49:58.217644+00
645,2016-07-04,4,7,3,2016,July,2026-05-09 20:49:58.217644+00
646,2016-07-05,5,7,3,2016,July,2026-05-09 20:49:58.217644+00
647,2016-07-07,7,7,3,2016,July,2026-05-09 20:49:58.217644+00
648,2016-07-08,8,7,3,2016,July,2026-05-09 20:49:58.217644+00
649,2016-07-09,9,7,3,2016,July,2026-05-09 20:49:58.217644+00
650,2016-07-10,10,7,3,2016,July,2026-05-09 20:49:58.217644+00
651,2016-07-11,11,7,3,2016,July,2026-05-09 20:49:58.217644+00
652,2016-07-12,12,7,3,2016,July,2026-05-09 20:49:58.217644+00
653,2016-07-13,13,7,3,2016,July,2026-05-09 20:49:58.217644+00
654,2016-07-14,14,7,3,2016,July,2026-05-09 20:49:58.217644+00
655,2016-07-15,15,7,3,2016,July,2026-05-09 20:49:58.217644+00
656,2016-07-16,16,7,3,2016,July,2026-05-09 20:49:58.217644+00
657,2016-07-18,18,7,3,2016,July,2026-05-09 20:49:58.217644+00
658,2016-07-19,19,7,3,2016,July,2026-05-09 20:49:58.217644+00
659,2016-07-20,20,7,3,2016,July,2026-05-09 20:49:58.217644+00
660,2016-07-21,21,7,3,2016,July,2026-05-09 20:49:58.217644+00
661,2016-07-22,22,7,3,2016,July,2026-05-09 20:49:58.217644+00
662,2016-07-23,23,7,3,2016,July,2026-05-09 20:49:58.217644+00
663,2016-07-24,24,7,3,2016,July,2026-05-09 20:49:58.217644+00
664,2016-07-25,25,7,3,2016,July,2026-05-09 20:49:58.217644+00
665,2016-07-26,26,7,3,2016,July,2026-05-09 20:49:58.217644+00
666,2016-07-27,27,7,3,2016,July,2026-05-09 20:49:58.217644+00
667,2016-07-28,28,7,3,2016,July,2026-05-09 20:49:58.217644+00
668,2016-07-29,29,7,3,2016,July,2026-05-09 20:49:58.217644+00
669,2016-07-30,30,7,3,2016,July,2026-05-09 20:49:58.217644+00
670,2016-07-31,31,7,3,2016,July,2026-05-09 20:49:58.217644+00
671,2016-08-02,2,8,3,2016,August,2026-05-09 20:49:58.217644+00
672,2016-08-03,3,8,3,2016,August,2026-05-09 20:49:58.217644+00
673,2016-08-04,4,8,3,2016,August,2026-05-09 20:49:58.217644+00
674,2016-08-05,5,8,3,2016,August,2026-05-09 20:49:58.217644+00
675,2016-08-06,6,8,3,2016,August,2026-05-09 20:49:58.217644+00
676,2016-08-07,7,8,3,2016,August,2026-05-09 20:49:58.217644+00
677,2016-08-08,8,8,3,2016,August,2026-05-09 20:49:58.217644+00
678,2016-08-09,9,8,3,2016,August,2026-05-09 20:49:58.217644+00
679,2016-08-10,10,8,3,2016,August,2026-05-09 20:49:58.217644+00
680,2016-08-12,12,8,3,2016,August,2026-05-09 20:49:58.217644+00
681,2016-08-13,13,8,3,2016,August,2026-05-09 20:49:58.217644+00
682,2016-08-14,14,8,3,2016,August,2026-05-09 20:49:58.217644+00
683,2016-08-15,15,8,3,2016,August,2026-05-09 20:49:58.217644+00
684,2016-08-16,16,8,3,2016,August,2026-05-09 20:49:58.217644+00
685,2016-08-18,18,8,3,2016,August,2026-05-09 20:49:58.217644+00
686,2016-08-19,19,8,3,2016,August,2026-05-09 20:49:58.217644+00
687,2016-08-20,20,8,3,2016,August,2026-05-09 20:49:58.217644+00
688,2016-08-23,23,8,3,2016,August,2026-05-09 20:49:58.217644+00
689,2016-08-24,24,8,3,2016,August,2026-05-09 20:49:58.217644+00
690,2016-08-26,26,8,3,2016,August,2026-05-09 20:49:58.217644+00
691,2016-08-27,27,8,3,2016,August,2026-05-09 20:49:58.217644+00
692,2016-08-28,28,8,3,2016,August,2026-05-09 20:49:58.217644+00
693,2016-08-29,29,8,3,2016,August,2026-05-09 20:49:58.217644+00
694,2016-08-31,31,8,3,2016,August,2026-05-09 20:49:58.217644+00
695,2016-09-01,1,9,3,2016,September,2026-05-09 20:49:58.217644+00
696,2016-09-03,3,9,3,2016,September,2026-05-09 20:49:58.217644+00
697,2016-09-04,4,9,3,2016,September,2026-05-09 20:49:58.217644+00
698,2016-09-05,5,9,3,2016,September,2026-05-09 20:49:58.217644+00
699,2016-09-06,6,9,3,2016,September,2026-05-09 20:49:58.217644+00
700,2016-09-07,7,9,3,2016,September,2026-05-09 20:49:58.217644+00
701,2016-09-08,8,9,3,2016,September,2026-05-09 20:49:58.217644+00
702,2016-09-09,9,9,3,2016,September,2026-05-09 20:49:58.217644+00
703,2016-09-10,10,9,3,2016,September,2026-05-09 20:49:58.217644+00
704,2016-09-11,11,9,3,2016,September,2026-05-09 20:49:58.217644+00
705,2016-09-12,12,9,3,2016,September,2026-05-09 20:49:58.217644+00
706,2016-09-13,13,9,3,2016,September,2026-05-09 20:49:58.217644+00
707,2016-09-14,14,9,3,2016,September,2026-05-09 20:49:58.217644+00
708,2016-09-15,15,9,3,2016,September,2026-05-09 20:49:58.217644+00
709,2016-09-16,16,9,3,2016,September,2026-05-09 20:49:58.217644+00
710,2016-09-17,17,9,3,2016,September,2026-05-09 20:49:58.217644+00
711,2016-09-19,19,9,3,2016,September,2026-05-09 20:49:58.217644+00
712,2016-09-20,20,9,3,2016,September,2026-05-09 20:49:58.217644+00
713,2016-09-21,21,9,3,2016,September,2026-05-09 20:49:58.217644+00
714,2016-09-22,22,9,3,2016,September,2026-05-09 20:49:58.217644+00
715,2016-09-23,23,9,3,2016,September,2026-05-09 20:49:58.217644+00
716,2016-09-26,26,9,3,2016,September,2026-05-09 20:49:58.217644+00
717,2016-09-27,27,9,3,2016,September,2026-05-09 20:49:58.217644+00
718,2016-09-28,28,9,3,2016,September,2026-05-09 20:49:58.217644+00
719,2016-09-29,29,9,3,2016,September,2026-05-09 20:49:58.217644+00
720,2016-09-30,30,9,3,2016,September,2026-05-09 20:49:58.217644+00
721,2016-10-01,1,10,4,2016,October,2026-05-09 20:49:58.217644+00
722,2016-10-02,2,10,4,2016,October,2026-05-09 20:49:58.217644+00
723,2016-10-03,3,10,4,2016,October,2026-05-09 20:49:58.217644+00
724,2016-10-04,4,10,4,2016,October,2026-05-09 20:49:58.217644+00
725,2016-10-05,5,10,4,2016,October,2026-05-09 20:49:58.217644+00
726,2016-10-06,6,10,4,2016,October,2026-05-09 20:49:58.217644+00
727,2016-10-07,7,10,4,2016,October,2026-05-09 20:49:58.217644+00
728,2016-10-08,8,10,4,2016,October,2026-05-09 20:49:58.217644+00
729,2016-10-10,10,10,4,2016,October,2026-05-09 20:49:58.217644+00
730,2016-10-12,12,10,4,2016,October,2026-05-09 20:49:58.217644+00
731,2016-10-13,13,10,4,2016,October,2026-05-09 20:49:58.217644+00
732,2016-10-14,14,10,4,2016,October,2026-05-09 20:49:58.217644+00
733,2016-10-16,16,10,4,2016,October,2026-05-09 20:49:58.217644+00
734,2016-10-17,17,10,4,2016,October,2026-05-09 20:49:58.217644+00
735,2016-10-18,18,10,4,2016,October,2026-05-09 20:49:58.217644+00
736,2016-10-19,19,10,4,2016,October,2026-05-09 20:49:58.217644+00
737,2016-10-20,20,10,4,2016,October,2026-05-09 20:49:58.217644+00
738,2016-10-21,21,10,4,2016,October,2026-05-09 20:49:58.217644+00
739,2016-10-22,22,10,4,2016,October,2026-05-09 20:49:58.217644+00
740,2016-10-23,23,10,4,2016,October,2026-05-09 20:49:58.217644+00
741,2016-10-24,24,10,4,2016,October,2026-05-09 20:49:58.217644+00
742,2016-10-25,25,10,4,2016,October,2026-05-09 20:49:58.217644+00
743,2016-10-26,26,10,4,2016,October,2026-05-09 20:49:58.217644+00
744,2016-10-27,27,10,4,2016,October,2026-05-09 20:49:58.217644+00
745,2016-10-28,28,10,4,2016,October,2026-05-09 20:49:58.217644+00
746,2016-10-30,30,10,4,2016,October,2026-05-09 20:49:58.217644+00
747,2016-10-31,31,10,4,2016,October,2026-05-09 20:49:58.217644+00
748,2016-11-01,1,11,4,2016,November,2026-05-09 20:49:58.217644+00
749,2016-11-02,2,11,4,2016,November,2026-05-09 20:49:58.217644+00
750,2016-11-03,3,11,4,2016,November,2026-05-09 20:49:58.217644+00
751,2016-11-04,4,11,4,2016,November,2026-05-09 20:49:58.217644+00
752,2016-11-05,5,11,4,2016,November,2026-05-09 20:49:58.217644+00
753,2016-11-06,6,11,4,2016,November,2026-05-09 20:49:58.217644+00
754,2016-11-07,7,11,4,2016,November,2026-05-09 20:49:58.217644+00
755,2016-11-08,8,11,4,2016,November,2026-05-09 20:49:58.217644+00
756,2016-11-09,9,11,4,2016,November,2026-05-09 20:49:58.217644+00
757,2016-11-10,10,11,4,2016,November,2026-05-09 20:49:58.217644+00
758,2016-11-11,11,11,4,2016,November,2026-05-09 20:49:58.217644+00
759,2016-11-14,14,11,4,2016,November,2026-05-09 20:49:58.217644+00
760,2016-11-15,15,11,4,2016,November,2026-05-09 20:49:58.217644+00
761,2016-11-16,16,11,4,2016,November,2026-05-09 20:49:58.217644+00
762,2016-11-17,17,11,4,2016,November,2026-05-09 20:49:58.217644+00
763,2016-11-18,18,11,4,2016,November,2026-05-09 20:49:58.217644+00
764,2016-11-19,19,11,4,2016,November,2026-05-09 20:49:58.217644+00
765,2016-11-20,20,11,4,2016,November,2026-05-09 20:49:58.217644+00
766,2016-11-21,21,11,4,2016,November,2026-05-09 20:49:58.217644+00
767,2016-11-22,22,11,4,2016,November,2026-05-09 20:49:58.217644+00
768,2016-11-23,23,11,4,2016,November,2026-05-09 20:49:58.217644+00
769,2016-11-24,24,11,4,2016,November,2026-05-09 20:49:58.217644+00
770,2016-11-25,25,11,4,2016,November,2026-05-09 20:49:58.217644+00
771,2016-11-26,26,11,4,2016,November,2026-05-09 20:49:58.217644+00
772,2016-11-28,28,11,4,2016,November,2026-05-09 20:49:58.217644+00
773,2016-11-29,29,11,4,2016,November,2026-05-09 20:49:58.217644+00
774,2016-11-30,30,11,4,2016,November,2026-05-09 20:49:58.217644+00
775,2016-12-01,1,12,4,2016,December,2026-05-09 20:49:58.217644+00
776,2016-12-02,2,12,4,2016,December,2026-05-09 20:49:58.217644+00
777,2016-12-03,3,12,4,2016,December,2026-05-09 20:49:58.217644+00
778,2016-12-04,4,12,4,2016,December,2026-05-09 20:49:58.217644+00
779,2016-12-05,5,12,4,2016,December,2026-05-09 20:49:58.217644+00
780,2016-12-06,6,12,4,2016,December,2026-05-09 20:49:58.217644+00
781,2016-12-07,7,12,4,2016,December,2026-05-09 20:49:58.217644+00
782,2016-12-08,8,12,4,2016,December,2026-05-09 20:49:58.217644+00
783,2016-12-09,9,12,4,2016,December,2026-05-09 20:49:58.217644+00
784,2016-12-10,10,12,4,2016,December,2026-05-09 20:49:58.217644+00
785,2016-12-11,11,12,4,2016,December,2026-05-09 20:49:58.217644+00
786,2016-12-12,12,12,4,2016,December,2026-05-09 20:49:58.217644+00
787,2016-12-13,13,12,4,2016,December,2026-05-09 20:49:58.217644+00
788,2016-12-14,14,12,4,2016,December,2026-05-09 20:49:58.217644+00
789,2016-12-15,15,12,4,2016,December,2026-05-09 20:49:58.217644+00
790,2016-12-16,16,12,4,2016,December,2026-05-09 20:49:58.217644+00
791,2016-12-17,17,12,4,2016,December,2026-05-09 20:49:58.217644+00
792,2016-12-18,18,12,4,2016,December,2026-05-09 20:49:58.217644+00
793,2016-12-19,19,12,4,2016,December,2026-05-09 20:49:58.217644+00
794,2016-12-20,20,12,4,2016,December,2026-05-09 20:49:58.217644+00
795,2016-12-21,21,12,4,2016,December,2026-05-09 20:49:58.217644+00
796,2016-12-22,22,12,4,2016,December,2026-05-09 20:49:58.217644+00
797,2016-12-23,23,12,4,2016,December,2026-05-09 20:49:58.217644+00
798,2016-12-24,24,12,4,2016,December,2026-05-09 20:49:58.217644+00
799,2016-12-25,25,12,4,2016,December,2026-05-09 20:49:58.217644+00
800,2016-12-26,26,12,4,2016,December,2026-05-09 20:49:58.217644+00
801,2016-12-29,29,12,4,2016,December,2026-05-09 20:49:58.217644+00
802,2016-12-30,30,12,4,2016,December,2026-05-09 20:49:58.217644+00
803,2016-12-31,31,12,4,2016,December,2026-05-09 20:49:58.217644+00
804,2017-01-02,2,1,1,2017,January,2026-05-09 20:49:58.217644+00
805,2017-01-03,3,1,1,2017,January,2026-05-09 20:49:58.217644+00
806,2017-01-04,4,1,1,2017,January,2026-05-09 20:49:58.217644+00
807,2017-01-05,5,1,1,2017,January,2026-05-09 20:49:58.217644+00
808,2017-01-06,6,1,1,2017,January,2026-05-09 20:49:58.217644+00
809,2017-01-07,7,1,1,2017,January,2026-05-09 20:49:58.217644+00
810,2017-01-08,8,1,1,2017,January,2026-05-09 20:49:58.217644+00
811,2017-01-09,9,1,1,2017,January,2026-05-09 20:49:58.217644+00
812,2017-01-10,10,1,1,2017,January,2026-05-09 20:49:58.217644+00
813,2017-01-11,11,1,1,2017,January,2026-05-09 20:49:58.217644+00
814,2017-01-12,12,1,1,2017,January,2026-05-09 20:49:58.217644+00
815,2017-01-13,13,1,1,2017,January,2026-05-09 20:49:58.217644+00
816,2017-01-14,14,1,1,2017,January,2026-05-09 20:49:58.217644+00
817,2017-01-15,15,1,1,2017,January,2026-05-09 20:49:58.217644+00
818,2017-01-16,16,1,1,2017,January,2026-05-09 20:49:58.217644+00
819,2017-01-17,17,1,1,2017,January,2026-05-09 20:49:58.217644+00
820,2017-01-18,18,1,1,2017,January,2026-05-09 20:49:58.217644+00
821,2017-01-19,19,1,1,2017,January,2026-05-09 20:49:58.217644+00
822,2017-01-20,20,1,1,2017,January,2026-05-09 20:49:58.217644+00
823,2017-01-21,21,1,1,2017,January,2026-05-09 20:49:58.217644+00
824,2017-01-22,22,1,1,2017,January,2026-05-09 20:49:58.217644+00
825,2017-01-23,23,1,1,2017,January,2026-05-09 20:49:58.217644+00
826,2017-01-24,24,1,1,2017,January,2026-05-09 20:49:58.217644+00
827,2017-01-25,25,1,1,2017,January,2026-05-09 20:49:58.217644+00
828,2017-01-26,26,1,1,2017,January,2026-05-09 20:49:58.217644+00
829,2017-01-27,27,1,1,2017,January,2026-05-09 20:49:58.217644+00
830,2017-01-28,28,1,1,2017,January,2026-05-09 20:49:58.217644+00
831,2017-01-29,29,1,1,2017,January,2026-05-09 20:49:58.217644+00
832,2017-01-30,30,1,1,2017,January,2026-05-09 20:49:58.217644+00
833,2017-01-31,31,1,1,2017,January,2026-05-09 20:49:58.217644+00
834,2017-02-01,1,2,1,2017,February,2026-05-09 20:49:58.217644+00
835,2017-02-02,2,2,1,2017,February,2026-05-09 20:49:58.217644+00
836,2017-02-03,3,2,1,2017,February,2026-05-09 20:49:58.217644+00
837,2017-02-04,4,2,1,2017,February,2026-05-09 20:49:58.217644+00
838,2017-02-05,5,2,1,2017,February,2026-05-09 20:49:58.217644+00
839,2017-02-06,6,2,1,2017,February,2026-05-09 20:49:58.217644+00
840,2017-02-07,7,2,1,2017,February,2026-05-09 20:49:58.217644+00
841,2017-02-08,8,2,1,2017,February,2026-05-09 20:49:58.217644+00
842,2017-02-09,9,2,1,2017,February,2026-05-09 20:49:58.217644+00
843,2017-02-10,10,2,1,2017,February,2026-05-09 20:49:58.217644+00
844,2017-02-11,11,2,1,2017,February,2026-05-09 20:49:58.217644+00
845,2017-02-12,12,2,1,2017,February,2026-05-09 20:49:58.217644+00
846,2017-02-13,13,2,1,2017,February,2026-05-09 20:49:58.217644+00
847,2017-02-14,14,2,1,2017,February,2026-05-09 20:49:58.217644+00
848,2017-02-15,15,2,1,2017,February,2026-05-09 20:49:58.217644+00
849,2017-02-16,16,2,1,2017,February,2026-05-09 20:49:58.217644+00
850,2017-02-17,17,2,1,2017,February,2026-05-09 20:49:58.217644+00
851,2017-02-18,18,2,1,2017,February,2026-05-09 20:49:58.217644+00
852,2017-02-20,20,2,1,2017,February,2026-05-09 20:49:58.217644+00
853,2017-02-21,21,2,1,2017,February,2026-05-09 20:49:58.217644+00
854,2017-02-22,22,2,1,2017,February,2026-05-09 20:49:58.217644+00
855,2017-02-23,23,2,1,2017,February,2026-05-09 20:49:58.217644+00
856,2017-02-24,24,2,1,2017,February,2026-05-09 20:49:58.217644+00
857,2017-02-25,25,2,1,2017,February,2026-05-09 20:49:58.217644+00
858,2017-02-26,26,2,1,2017,February,2026-05-09 20:49:58.217644+00
859,2017-02-27,27,2,1,2017,February,2026-05-09 20:49:58.217644+00
860,2017-02-28,28,2,1,2017,February,2026-05-09 20:49:58.217644+00
861,2017-03-01,1,3,1,2017,March,2026-05-09 20:49:58.217644+00
862,2017-03-02,2,3,1,2017,March,2026-05-09 20:49:58.217644+00
863,2017-03-03,3,3,1,2017,March,2026-05-09 20:49:58.217644+00
864,2017-03-04,4,3,1,2017,March,2026-05-09 20:49:58.217644+00
865,2017-03-05,5,3,1,2017,March,2026-05-09 20:49:58.217644+00
866,2017-03-06,6,3,1,2017,March,2026-05-09 20:49:58.217644+00
867,2017-03-07,7,3,1,2017,March,2026-05-09 20:49:58.217644+00
868,2017-03-08,8,3,1,2017,March,2026-05-09 20:49:58.217644+00
869,2017-03-09,9,3,1,2017,March,2026-05-09 20:49:58.217644+00
870,2017-03-10,10,3,1,2017,March,2026-05-09 20:49:58.217644+00
871,2017-03-11,11,3,1,2017,March,2026-05-09 20:49:58.217644+00
872,2017-03-12,12,3,1,2017,March,2026-05-09 20:49:58.217644+00
873,2017-03-13,13,3,1,2017,March,2026-05-09 20:49:58.217644+00
874,2017-03-14,14,3,1,2017,March,2026-05-09 20:49:58.217644+00
875,2017-03-15,15,3,1,2017,March,2026-05-09 20:49:58.217644+00
876,2017-03-16,16,3,1,2017,March,2026-05-09 20:49:58.217644+00
877,2017-03-17,17,3,1,2017,March,2026-05-09 20:49:58.217644+00
878,2017-03-19,19,3,1,2017,March,2026-05-09 20:49:58.217644+00
879,2017-03-20,20,3,1,2017,March,2026-05-09 20:49:58.217644+00
880,2017-03-21,21,3,1,2017,March,2026-05-09 20:49:58.217644+00
881,2017-03-22,22,3,1,2017,March,2026-05-09 20:49:58.217644+00
882,2017-03-23,23,3,1,2017,March,2026-05-09 20:49:58.217644+00
883,2017-03-24,24,3,1,2017,March,2026-05-09 20:49:58.217644+00
884,2017-03-25,25,3,1,2017,March,2026-05-09 20:49:58.217644+00
885,2017-03-26,26,3,1,2017,March,2026-05-09 20:49:58.217644+00
886,2017-03-27,27,3,1,2017,March,2026-05-09 20:49:58.217644+00
887,2017-03-28,28,3,1,2017,March,2026-05-09 20:49:58.217644+00
888,2017-03-29,29,3,1,2017,March,2026-05-09 20:49:58.217644+00
889,2017-03-30,30,3,1,2017,March,2026-05-09 20:49:58.217644+00
890,2017-03-31,31,3,1,2017,March,2026-05-09 20:49:58.217644+00
891,2017-04-01,1,4,2,2017,April,2026-05-09 20:49:58.217644+00
892,2017-04-02,2,4,2,2017,April,2026-05-09 20:49:58.217644+00
893,2017-04-03,3,4,2,2017,April,2026-05-09 20:49:58.217644+00
894,2017-04-04,4,4,2,2017,April,2026-05-09 20:49:58.217644+00
895,2017-04-05,5,4,2,2017,April,2026-05-09 20:49:58.217644+00
896,2017-04-06,6,4,2,2017,April,2026-05-09 20:49:58.217644+00
897,2017-04-08,8,4,2,2017,April,2026-05-09 20:49:58.217644+00
898,2017-04-10,10,4,2,2017,April,2026-05-09 20:49:58.217644+00
899,2017-04-11,11,4,2,2017,April,2026-05-09 20:49:58.217644+00
900,2017-04-12,12,4,2,2017,April,2026-05-09 20:49:58.217644+00
901,2017-04-13,13,4,2,2017,April,2026-05-09 20:49:58.217644+00
902,2017-04-14,14,4,2,2017,April,2026-05-09 20:49:58.217644+00
903,2017-04-15,15,4,2,2017,April,2026-05-09 20:49:58.217644+00
904,2017-04-16,16,4,2,2017,April,2026-05-09 20:49:58.217644+00
905,2017-04-17,17,4,2,2017,April,2026-05-09 20:49:58.217644+00
906,2017-04-18,18,4,2,2017,April,2026-05-09 20:49:58.217644+00
907,2017-04-19,19,4,2,2017,April,2026-05-09 20:49:58.217644+00
908,2017-04-20,20,4,2,2017,April,2026-05-09 20:49:58.217644+00
909,2017-04-21,21,4,2,2017,April,2026-05-09 20:49:58.217644+00
910,2017-04-22,22,4,2,2017,April,2026-05-09 20:49:58.217644+00
911,2017-04-23,23,4,2,2017,April,2026-05-09 20:49:58.217644+00
912,2017-04-24,24,4,2,2017,April,2026-05-09 20:49:58.217644+00
913,2017-04-25,25,4,2,2017,April,2026-05-09 20:49:58.217644+00
914,2017-04-26,26,4,2,2017,April,2026-05-09 20:49:58.217644+00
915,2017-04-27,27,4,2,2017,April,2026-05-09 20:49:58.217644+00
916,2017-04-28,28,4,2,2017,April,2026-05-09 20:49:58.217644+00
917,2017-04-29,29,4,2,2017,April,2026-05-09 20:49:58.217644+00
918,2017-04-30,30,4,2,2017,April,2026-05-09 20:49:58.217644+00
919,2017-05-01,1,5,2,2017,May,2026-05-09 20:49:58.217644+00
920,2017-05-02,2,5,2,2017,May,2026-05-09 20:49:58.217644+00
921,2017-05-03,3,5,2,2017,May,2026-05-09 20:49:58.217644+00
922,2017-05-04,4,5,2,2017,May,2026-05-09 20:49:58.217644+00
923,2017-05-05,5,5,2,2017,May,2026-05-09 20:49:58.217644+00
924,2017-05-08,8,5,2,2017,May,2026-05-09 20:49:58.217644+00
925,2017-05-09,9,5,2,2017,May,2026-05-09 20:49:58.217644+00
926,2017-05-10,10,5,2,2017,May,2026-05-09 20:49:58.217644+00
927,2017-05-11,11,5,2,2017,May,2026-05-09 20:49:58.217644+00
928,2017-05-12,12,5,2,2017,May,2026-05-09 20:49:58.217644+00
929,2017-05-13,13,5,2,2017,May,2026-05-09 20:49:58.217644+00
930,2017-05-14,14,5,2,2017,May,2026-05-09 20:49:58.217644+00
931,2017-05-15,15,5,2,2017,May,2026-05-09 20:49:58.217644+00
932,2017-05-16,16,5,2,2017,May,2026-05-09 20:49:58.217644+00
933,2017-05-17,17,5,2,2017,May,2026-05-09 20:49:58.217644+00
934,2017-05-18,18,5,2,2017,May,2026-05-09 20:49:58.217644+00
935,2017-05-19,19,5,2,2017,May,2026-05-09 20:49:58.217644+00
936,2017-05-20,20,5,2,2017,May,2026-05-09 20:49:58.217644+00
937,2017-05-22,22,5,2,2017,May,2026-05-09 20:49:58.217644+00
938,2017-05-23,23,5,2,2017,May,2026-05-09 20:49:58.217644+00
939,2017-05-24,24,5,2,2017,May,2026-05-09 20:49:58.217644+00
940,2017-05-25,25,5,2,2017,May,2026-05-09 20:49:58.217644+00
941,2017-05-26,26,5,2,2017,May,2026-05-09 20:49:58.217644+00
942,2017-05-27,27,5,2,2017,May,2026-05-09 20:49:58.217644+00
943,2017-05-29,29,5,2,2017,May,2026-05-09 20:49:58.217644+00
944,2017-05-30,30,5,2,2017,May,2026-05-09 20:49:58.217644+00
945,2017-05-31,31,5,2,2017,May,2026-05-09 20:49:58.217644+00
946,2017-06-01,1,6,2,2017,June,2026-05-09 20:49:58.217644+00
947,2017-06-02,2,6,2,2017,June,2026-05-09 20:49:58.217644+00
948,2017-06-03,3,6,2,2017,June,2026-05-09 20:49:58.217644+00
949,2017-06-04,4,6,2,2017,June,2026-05-09 20:49:58.217644+00
950,2017-06-05,5,6,2,2017,June,2026-05-09 20:49:58.217644+00
951,2017-06-06,6,6,2,2017,June,2026-05-09 20:49:58.217644+00
952,2017-06-07,7,6,2,2017,June,2026-05-09 20:49:58.217644+00
953,2017-06-08,8,6,2,2017,June,2026-05-09 20:49:58.217644+00
954,2017-06-09,9,6,2,2017,June,2026-05-09 20:49:58.217644+00
955,2017-06-10,10,6,2,2017,June,2026-05-09 20:49:58.217644+00
956,2017-06-11,11,6,2,2017,June,2026-05-09 20:49:58.217644+00
957,2017-06-12,12,6,2,2017,June,2026-05-09 20:49:58.217644+00
958,2017-06-13,13,6,2,2017,June,2026-05-09 20:49:58.217644+00
959,2017-06-14,14,6,2,2017,June,2026-05-09 20:49:58.217644+00
960,2017-06-15,15,6,2,2017,June,2026-05-09 20:49:58.217644+00
961,2017-06-16,16,6,2,2017,June,2026-05-09 20:49:58.217644+00
962,2017-06-17,17,6,2,2017,June,2026-05-09 20:49:58.217644+00
963,2017-06-18,18,6,2,2017,June,2026-05-09 20:49:58.217644+00
964,2017-06-19,19,6,2,2017,June,2026-05-09 20:49:58.217644+00
965,2017-06-20,20,6,2,2017,June,2026-05-09 20:49:58.217644+00
966,2017-06-21,21,6,2,2017,June,2026-05-09 20:49:58.217644+00
967,2017-06-22,22,6,2,2017,June,2026-05-09 20:49:58.217644+00
968,2017-06-23,23,6,2,2017,June,2026-05-09 20:49:58.217644+00
969,2017-06-24,24,6,2,2017,June,2026-05-09 20:49:58.217644+00
970,2017-06-25,25,6,2,2017,June,2026-05-09 20:49:58.217644+00
971,2017-06-26,26,6,2,2017,June,2026-05-09 20:49:58.217644+00
972,2017-06-27,27,6,2,2017,June,2026-05-09 20:49:58.217644+00
973,2017-06-28,28,6,2,2017,June,2026-05-09 20:49:58.217644+00
974,2017-06-29,29,6,2,2017,June,2026-05-09 20:49:58.217644+00
975,2017-06-30,30,6,2,2017,June,2026-05-09 20:49:58.217644+00
976,2017-07-01,1,7,3,2017,July,2026-05-09 20:49:58.217644+00
977,2017-07-02,2,7,3,2017,July,2026-05-09 20:49:58.217644+00
978,2017-07-03,3,7,3,2017,July,2026-05-09 20:49:58.217644+00
979,2017-07-04,4,7,3,2017,July,2026-05-09 20:49:58.217644+00
980,2017-07-05,5,7,3,2017,July,2026-05-09 20:49:58.217644+00
981,2017-07-06,6,7,3,2017,July,2026-05-09 20:49:58.217644+00
982,2017-07-07,7,7,3,2017,July,2026-05-09 20:49:58.217644+00
983,2017-07-08,8,7,3,2017,July,2026-05-09 20:49:58.217644+00
984,2017-07-09,9,7,3,2017,July,2026-05-09 20:49:58.217644+00
985,2017-07-10,10,7,3,2017,July,2026-05-09 20:49:58.217644+00
986,2017-07-11,11,7,3,2017,July,2026-05-09 20:49:58.217644+00
987,2017-07-12,12,7,3,2017,July,2026-05-09 20:49:58.217644+00
988,2017-07-13,13,7,3,2017,July,2026-05-09 20:49:58.217644+00
989,2017-07-14,14,7,3,2017,July,2026-05-09 20:49:58.217644+00
990,2017-07-15,15,7,3,2017,July,2026-05-09 20:49:58.217644+00
991,2017-07-16,16,7,3,2017,July,2026-05-09 20:49:58.217644+00
992,2017-07-17,17,7,3,2017,July,2026-05-09 20:49:58.217644+00
993,2017-07-18,18,7,3,2017,July,2026-05-09 20:49:58.217644+00
994,2017-07-19,19,7,3,2017,July,2026-05-09 20:49:58.217644+00
995,2017-07-20,20,7,3,2017,July,2026-05-09 20:49:58.217644+00
996,2017-07-21,21,7,3,2017,July,2026-05-09 20:49:58.217644+00
997,2017-07-22,22,7,3,2017,July,2026-05-09 20:49:58.217644+00
998,2017-07-23,23,7,3,2017,July,2026-05-09 20:49:58.217644+00
999,2017-07-24,24,7,3,2017,July,2026-05-09 20:49:58.217644+00
1000,2017-07-25,25,7,3,2017,July,2026-05-09 20:49:58.217644+00
1001,2017-07-26,26,7,3,2017,July,2026-05-09 20:49:58.217644+00
1002,2017-07-27,27,7,3,2017,July,2026-05-09 20:49:58.217644+00
1003,2017-07-28,28,7,3,2017,July,2026-05-09 20:49:58.217644+00
1004,2017-07-29,29,7,3,2017,July,2026-05-09 20:49:58.217644+00
1005,2017-07-30,30,7,3,2017,July,2026-05-09 20:49:58.217644+00
1006,2017-07-31,31,7,3,2017,July,2026-05-09 20:49:58.217644+00
1007,2017-08-01,1,8,3,2017,August,2026-05-09 20:49:58.217644+00
1008,2017-08-02,2,8,3,2017,August,2026-05-09 20:49:58.217644+00
1009,2017-08-03,3,8,3,2017,August,2026-05-09 20:49:58.217644+00
1010,2017-08-04,4,8,3,2017,August,2026-05-09 20:49:58.217644+00
1011,2017-08-05,5,8,3,2017,August,2026-05-09 20:49:58.217644+00
1012,2017-08-06,6,8,3,2017,August,2026-05-09 20:49:58.217644+00
1013,2017-08-07,7,8,3,2017,August,2026-05-09 20:49:58.217644+00
1014,2017-08-08,8,8,3,2017,August,2026-05-09 20:49:58.217644+00
1015,2017-08-09,9,8,3,2017,August,2026-05-09 20:49:58.217644+00
1016,2017-08-10,10,8,3,2017,August,2026-05-09 20:49:58.217644+00
1017,2017-08-11,11,8,3,2017,August,2026-05-09 20:49:58.217644+00
1018,2017-08-12,12,8,3,2017,August,2026-05-09 20:49:58.217644+00
1019,2017-08-13,13,8,3,2017,August,2026-05-09 20:49:58.217644+00
1020,2017-08-14,14,8,3,2017,August,2026-05-09 20:49:58.217644+00
1021,2017-08-15,15,8,3,2017,August,2026-05-09 20:49:58.217644+00
1022,2017-08-16,16,8,3,2017,August,2026-05-09 20:49:58.217644+00
1023,2017-08-17,17,8,3,2017,August,2026-05-09 20:49:58.217644+00
1024,2017-08-18,18,8,3,2017,August,2026-05-09 20:49:58.217644+00
1025,2017-08-19,19,8,3,2017,August,2026-05-09 20:49:58.217644+00
1026,2017-08-20,20,8,3,2017,August,2026-05-09 20:49:58.217644+00
1027,2017-08-21,21,8,3,2017,August,2026-05-09 20:49:58.217644+00
1028,2017-08-22,22,8,3,2017,August,2026-05-09 20:49:58.217644+00
1029,2017-08-23,23,8,3,2017,August,2026-05-09 20:49:58.217644+00
1030,2017-08-24,24,8,3,2017,August,2026-05-09 20:49:58.217644+00
1031,2017-08-25,25,8,3,2017,August,2026-05-09 20:49:58.217644+00
1032,2017-08-26,26,8,3,2017,August,2026-05-09 20:49:58.217644+00
1033,2017-08-27,27,8,3,2017,August,2026-05-09 20:49:58.217644+00
1034,2017-08-28,28,8,3,2017,August,2026-05-09 20:49:58.217644+00
1035,2017-08-29,29,8,3,2017,August,2026-05-09 20:49:58.217644+00
1036,2017-08-30,30,8,3,2017,August,2026-05-09 20:49:58.217644+00
1037,2017-08-31,31,8,3,2017,August,2026-05-09 20:49:58.217644+00
1038,2017-09-01,1,9,3,2017,September,2026-05-09 20:49:58.217644+00
1039,2017-09-02,2,9,3,2017,September,2026-05-09 20:49:58.217644+00
1040,2017-09-03,3,9,3,2017,September,2026-05-09 20:49:58.217644+00
1041,2017-09-04,4,9,3,2017,September,2026-05-09 20:49:58.217644+00
1042,2017-09-05,5,9,3,2017,September,2026-05-09 20:49:58.217644+00
1043,2017-09-06,6,9,3,2017,September,2026-05-09 20:49:58.217644+00
1044,2017-09-07,7,9,3,2017,September,2026-05-09 20:49:58.217644+00
1045,2017-09-08,8,9,3,2017,September,2026-05-09 20:49:58.217644+00
1046,2017-09-09,9,9,3,2017,September,2026-05-09 20:49:58.217644+00
1047,2017-09-10,10,9,3,2017,September,2026-05-09 20:49:58.217644+00
1048,2017-09-11,11,9,3,2017,September,2026-05-09 20:49:58.217644+00
1049,2017-09-12,12,9,3,2017,September,2026-05-09 20:49:58.217644+00
1050,2017-09-13,13,9,3,2017,September,2026-05-09 20:49:58.217644+00
1051,2017-09-14,14,9,3,2017,September,2026-05-09 20:49:58.217644+00
1052,2017-09-15,15,9,3,2017,September,2026-05-09 20:49:58.217644+00
1053,2017-09-17,17,9,3,2017,September,2026-05-09 20:49:58.217644+00
1054,2017-09-18,18,9,3,2017,September,2026-05-09 20:49:58.217644+00
1055,2017-09-19,19,9,3,2017,September,2026-05-09 20:49:58.217644+00
1056,2017-09-20,20,9,3,2017,September,2026-05-09 20:49:58.217644+00
1057,2017-09-21,21,9,3,2017,September,2026-05-09 20:49:58.217644+00
1058,2017-09-22,22,9,3,2017,September,2026-05-09 20:49:58.217644+00
1059,2017-09-23,23,9,3,2017,September,2026-05-09 20:49:58.217644+00
1060,2017-09-24,24,9,3,2017,September,2026-05-09 20:49:58.217644+00
1061,2017-09-25,25,9,3,2017,September,2026-05-09 20:49:58.217644+00
1062,2017-09-26,26,9,3,2017,September,2026-05-09 20:49:58.217644+00
1063,2017-09-27,27,9,3,2017,September,2026-05-09 20:49:58.217644+00
1064,2017-09-28,28,9,3,2017,September,2026-05-09 20:49:58.217644+00
1065,2017-09-29,29,9,3,2017,September,2026-05-09 20:49:58.217644+00
1066,2017-09-30,30,9,3,2017,September,2026-05-09 20:49:58.217644+00
1067,2017-10-01,1,10,4,2017,October,2026-05-09 20:49:58.217644+00
1068,2017-10-02,2,10,4,2017,October,2026-05-09 20:49:58.217644+00
1069,2017-10-03,3,10,4,2017,October,2026-05-09 20:49:58.217644+00
1070,2017-10-04,4,10,4,2017,October,2026-05-09 20:49:58.217644+00
1071,2017-10-05,5,10,4,2017,October,2026-05-09 20:49:58.217644+00
1072,2017-10-06,6,10,4,2017,October,2026-05-09 20:49:58.217644+00
1073,2017-10-07,7,10,4,2017,October,2026-05-09 20:49:58.217644+00
1074,2017-10-09,9,10,4,2017,October,2026-05-09 20:49:58.217644+00
1075,2017-10-10,10,10,4,2017,October,2026-05-09 20:49:58.217644+00
1076,2017-10-11,11,10,4,2017,October,2026-05-09 20:49:58.217644+00
1077,2017-10-12,12,10,4,2017,October,2026-05-09 20:49:58.217644+00
1078,2017-10-13,13,10,4,2017,October,2026-05-09 20:49:58.217644+00
1079,2017-10-14,14,10,4,2017,October,2026-05-09 20:49:58.217644+00
1080,2017-10-15,15,10,4,2017,October,2026-05-09 20:49:58.217644+00
1081,2017-10-16,16,10,4,2017,October,2026-05-09 20:49:58.217644+00
1082,2017-10-17,17,10,4,2017,October,2026-05-09 20:49:58.217644+00
1083,2017-10-18,18,10,4,2017,October,2026-05-09 20:49:58.217644+00
1084,2017-10-19,19,10,4,2017,October,2026-05-09 20:49:58.217644+00
1085,2017-10-20,20,10,4,2017,October,2026-05-09 20:49:58.217644+00
1086,2017-10-21,21,10,4,2017,October,2026-05-09 20:49:58.217644+00
1087,2017-10-22,22,10,4,2017,October,2026-05-09 20:49:58.217644+00
1088,2017-10-23,23,10,4,2017,October,2026-05-09 20:49:58.217644+00
1089,2017-10-24,24,10,4,2017,October,2026-05-09 20:49:58.217644+00
1090,2017-10-25,25,10,4,2017,October,2026-05-09 20:49:58.217644+00
1091,2017-10-26,26,10,4,2017,October,2026-05-09 20:49:58.217644+00
1092,2017-10-27,27,10,4,2017,October,2026-05-09 20:49:58.217644+00
1093,2017-10-28,28,10,4,2017,October,2026-05-09 20:49:58.217644+00
1094,2017-10-29,29,10,4,2017,October,2026-05-09 20:49:58.217644+00
1095,2017-10-30,30,10,4,2017,October,2026-05-09 20:49:58.217644+00
1096,2017-10-31,31,10,4,2017,October,2026-05-09 20:49:58.217644+00
1097,2017-11-01,1,11,4,2017,November,2026-05-09 20:49:58.217644+00
1098,2017-11-02,2,11,4,2017,November,2026-05-09 20:49:58.217644+00
1099,2017-11-03,3,11,4,2017,November,2026-05-09 20:49:58.217644+00
1100,2017-11-04,4,11,4,2017,November,2026-05-09 20:49:58.217644+00
1101,2017-11-05,5,11,4,2017,November,2026-05-09 20:49:58.217644+00
1102,2017-11-06,6,11,4,2017,November,2026-05-09 20:49:58.217644+00
1103,2017-11-07,7,11,4,2017,November,2026-05-09 20:49:58.217644+00
1104,2017-11-08,8,11,4,2017,November,2026-05-09 20:49:58.217644+00
1105,2017-11-09,9,11,4,2017,November,2026-05-09 20:49:58.217644+00
1106,2017-11-10,10,11,4,2017,November,2026-05-09 20:49:58.217644+00
1107,2017-11-11,11,11,4,2017,November,2026-05-09 20:49:58.217644+00
1108,2017-11-12,12,11,4,2017,November,2026-05-09 20:49:58.217644+00
1109,2017-11-13,13,11,4,2017,November,2026-05-09 20:49:58.217644+00
1110,2017-11-14,14,11,4,2017,November,2026-05-09 20:49:58.217644+00
1111,2017-11-15,15,11,4,2017,November,2026-05-09 20:49:58.217644+00
1112,2017-11-16,16,11,4,2017,November,2026-05-09 20:49:58.217644+00
1113,2017-11-17,17,11,4,2017,November,2026-05-09 20:49:58.217644+00
1114,2017-11-18,18,11,4,2017,November,2026-05-09 20:49:58.217644+00
1115,2017-11-19,19,11,4,2017,November,2026-05-09 20:49:58.217644+00
1116,2017-11-20,20,11,4,2017,November,2026-05-09 20:49:58.217644+00
1117,2017-11-21,21,11,4,2017,November,2026-05-09 20:49:58.217644+00
1118,2017-11-22,22,11,4,2017,November,2026-05-09 20:49:58.217644+00
1119,2017-11-23,23,11,4,2017,November,2026-05-09 20:49:58.217644+00
1120,2017-11-24,24,11,4,2017,November,2026-05-09 20:49:58.217644+00
1121,2017-11-25,25,11,4,2017,November,2026-05-09 20:49:58.217644+00
1122,2017-11-26,26,11,4,2017,November,2026-05-09 20:49:58.217644+00
1123,2017-11-27,27,11,4,2017,November,2026-05-09 20:49:58.217644+00
1124,2017-11-28,28,11,4,2017,November,2026-05-09 20:49:58.217644+00
1125,2017-11-29,29,11,4,2017,November,2026-05-09 20:49:58.217644+00
1126,2017-11-30,30,11,4,2017,November,2026-05-09 20:49:58.217644+00
1127,2017-12-01,1,12,4,2017,December,2026-05-09 20:49:58.217644+00
1128,2017-12-02,2,12,4,2017,December,2026-05-09 20:49:58.217644+00
1129,2017-12-03,3,12,4,2017,December,2026-05-09 20:49:58.217644+00
1130,2017-12-04,4,12,4,2017,December,2026-05-09 20:49:58.217644+00
1131,2017-12-05,5,12,4,2017,December,2026-05-09 20:49:58.217644+00
1132,2017-12-06,6,12,4,2017,December,2026-05-09 20:49:58.217644+00
1133,2017-12-07,7,12,4,2017,December,2026-05-09 20:49:58.217644+00
1134,2017-12-08,8,12,4,2017,December,2026-05-09 20:49:58.217644+00
1135,2017-12-09,9,12,4,2017,December,2026-05-09 20:49:58.217644+00
1136,2017-12-10,10,12,4,2017,December,2026-05-09 20:49:58.217644+00
1137,2017-12-11,11,12,4,2017,December,2026-05-09 20:49:58.217644+00
1138,2017-12-12,12,12,4,2017,December,2026-05-09 20:49:58.217644+00
1139,2017-12-13,13,12,4,2017,December,2026-05-09 20:49:58.217644+00
1140,2017-12-14,14,12,4,2017,December,2026-05-09 20:49:58.217644+00
1141,2017-12-15,15,12,4,2017,December,2026-05-09 20:49:58.217644+00
1142,2017-12-16,16,12,4,2017,December,2026-05-09 20:49:58.217644+00
1143,2017-12-17,17,12,4,2017,December,2026-05-09 20:49:58.217644+00
1144,2017-12-18,18,12,4,2017,December,2026-05-09 20:49:58.217644+00
1145,2017-12-19,19,12,4,2017,December,2026-05-09 20:49:58.217644+00
1146,2017-12-20,20,12,4,2017,December,2026-05-09 20:49:58.217644+00
1147,2017-12-21,21,12,4,2017,December,2026-05-09 20:49:58.217644+00
1148,2017-12-22,22,12,4,2017,December,2026-05-09 20:49:58.217644+00
1149,2017-12-23,23,12,4,2017,December,2026-05-09 20:49:58.217644+00
1150,2017-12-24,24,12,4,2017,December,2026-05-09 20:49:58.217644+00
1151,2017-12-25,25,12,4,2017,December,2026-05-09 20:49:58.217644+00
1152,2017-12-26,26,12,4,2017,December,2026-05-09 20:49:58.217644+00
1153,2017-12-27,27,12,4,2017,December,2026-05-09 20:49:58.217644+00
1154,2017-12-28,28,12,4,2017,December,2026-05-09 20:49:58.217644+00
1155,2017-12-29,29,12,4,2017,December,2026-05-09 20:49:58.217644+00
1156,2017-12-30,30,12,4,2017,December,2026-05-09 20:49:58.217644+00
1157,2017-12-31,31,12,4,2017,December,2026-05-09 20:49:58.217644+00
1158,2018-01-01,1,1,1,2018,January,2026-05-09 20:49:58.217644+00
1159,2018-01-02,2,1,1,2018,January,2026-05-09 20:49:58.217644+00
1160,2018-01-03,3,1,1,2018,January,2026-05-09 20:49:58.217644+00
1161,2018-01-04,4,1,1,2018,January,2026-05-09 20:49:58.217644+00
1162,2018-01-05,5,1,1,2018,January,2026-05-09 20:49:58.217644+00
1163,2018-01-06,6,1,1,2018,January,2026-05-09 20:49:58.217644+00
1164,2018-01-07,7,1,1,2018,January,2026-05-09 20:49:58.217644+00
1165,2018-01-08,8,1,1,2018,January,2026-05-09 20:49:58.217644+00
1166,2018-01-09,9,1,1,2018,January,2026-05-09 20:49:58.217644+00
1167,2018-01-10,10,1,1,2018,January,2026-05-09 20:49:58.217644+00
1168,2018-01-11,11,1,1,2018,January,2026-05-09 20:49:58.217644+00
1169,2018-01-12,12,1,1,2018,January,2026-05-09 20:49:58.217644+00
1170,2018-01-13,13,1,1,2018,January,2026-05-09 20:49:58.217644+00
1171,2018-01-14,14,1,1,2018,January,2026-05-09 20:49:58.217644+00
1172,2018-01-15,15,1,1,2018,January,2026-05-09 20:49:58.217644+00
1173,2018-01-16,16,1,1,2018,January,2026-05-09 20:49:58.217644+00
1174,2018-01-17,17,1,1,2018,January,2026-05-09 20:49:58.217644+00
1175,2018-01-18,18,1,1,2018,January,2026-05-09 20:49:58.217644+00
1176,2018-01-19,19,1,1,2018,January,2026-05-09 20:49:58.217644+00
1177,2018-01-20,20,1,1,2018,January,2026-05-09 20:49:58.217644+00
1178,2018-01-21,21,1,1,2018,January,2026-05-09 20:49:58.217644+00
1179,2018-01-22,22,1,1,2018,January,2026-05-09 20:49:58.217644+00
1180,2018-01-23,23,1,1,2018,January,2026-05-09 20:49:58.217644+00
1181,2018-01-24,24,1,1,2018,January,2026-05-09 20:49:58.217644+00
1182,2018-01-25,25,1,1,2018,January,2026-05-09 20:49:58.217644+00
1183,2018-01-26,26,1,1,2018,January,2026-05-09 20:49:58.217644+00
1184,2018-01-27,27,1,1,2018,January,2026-05-09 20:49:58.217644+00
1185,2018-01-28,28,1,1,2018,January,2026-05-09 20:49:58.217644+00
1186,2018-01-29,29,1,1,2018,January,2026-05-09 20:49:58.217644+00
1187,2018-01-30,30,1,1,2018,January,2026-05-09 20:49:58.217644+00
1188,2018-01-31,31,1,1,2018,January,2026-05-09 20:49:58.217644+00
1189,2018-02-01,1,2,1,2018,February,2026-05-09 20:49:58.217644+00
1190,2018-02-02,2,2,1,2018,February,2026-05-09 20:49:58.217644+00
1191,2018-02-03,3,2,1,2018,February,2026-05-09 20:49:58.217644+00
1192,2018-02-04,4,2,1,2018,February,2026-05-09 20:49:58.217644+00
1193,2018-02-05,5,2,1,2018,February,2026-05-09 20:49:58.217644+00
1194,2018-02-06,6,2,1,2018,February,2026-05-09 20:49:58.217644+00
1195,2018-02-07,7,2,1,2018,February,2026-05-09 20:49:58.217644+00
1196,2018-02-08,8,2,1,2018,February,2026-05-09 20:49:58.217644+00
1197,2018-02-09,9,2,1,2018,February,2026-05-09 20:49:58.217644+00
1198,2018-02-10,10,2,1,2018,February,2026-05-09 20:49:58.217644+00
1199,2018-02-11,11,2,1,2018,February,2026-05-09 20:49:58.217644+00
1200,2018-02-12,12,2,1,2018,February,2026-05-09 20:49:58.217644+00
1201,2018-02-13,13,2,1,2018,February,2026-05-09 20:49:58.217644+00
1202,2018-02-14,14,2,1,2018,February,2026-05-09 20:49:58.217644+00
1203,2018-02-15,15,2,1,2018,February,2026-05-09 20:49:58.217644+00
1204,2018-02-16,16,2,1,2018,February,2026-05-09 20:49:58.217644+00
1205,2018-02-17,17,2,1,2018,February,2026-05-09 20:49:58.217644+00
1206,2018-02-18,18,2,1,2018,February,2026-05-09 20:49:58.217644+00
1207,2018-02-19,19,2,1,2018,February,2026-05-09 20:49:58.217644+00
1208,2018-02-20,20,2,1,2018,February,2026-05-09 20:49:58.217644+00
1209,2018-02-21,21,2,1,2018,February,2026-05-09 20:49:58.217644+00
1210,2018-02-22,22,2,1,2018,February,2026-05-09 20:49:58.217644+00
1211,2018-02-23,23,2,1,2018,February,2026-05-09 20:49:58.217644+00
1212,2018-02-24,24,2,1,2018,February,2026-05-09 20:49:58.217644+00
1213,2018-02-25,25,2,1,2018,February,2026-05-09 20:49:58.217644+00
1214,2018-02-26,26,2,1,2018,February,2026-05-09 20:49:58.217644+00
1215,2018-02-27,27,2,1,2018,February,2026-05-09 20:49:58.217644+00
1216,2018-02-28,28,2,1,2018,February,2026-05-09 20:49:58.217644+00
1217,2018-03-01,1,3,1,2018,March,2026-05-09 20:49:58.217644+00
1218,2018-03-02,2,3,1,2018,March,2026-05-09 20:49:58.217644+00
1219,2018-03-03,3,3,1,2018,March,2026-05-09 20:49:58.217644+00
1220,2018-03-04,4,3,1,2018,March,2026-05-09 20:49:58.217644+00
1221,2018-03-05,5,3,1,2018,March,2026-05-09 20:49:58.217644+00
1222,2018-03-06,6,3,1,2018,March,2026-05-09 20:49:58.217644+00
1223,2018-03-07,7,3,1,2018,March,2026-05-09 20:49:58.217644+00
1224,2018-03-08,8,3,1,2018,March,2026-05-09 20:49:58.217644+00
1225,2018-03-09,9,3,1,2018,March,2026-05-09 20:49:58.217644+00
1226,2018-03-10,10,3,1,2018,March,2026-05-09 20:49:58.217644+00
1227,2018-03-11,11,3,1,2018,March,2026-05-09 20:49:58.217644+00
1228,2018-03-12,12,3,1,2018,March,2026-05-09 20:49:58.217644+00
1229,2018-03-13,13,3,1,2018,March,2026-05-09 20:49:58.217644+00
1230,2018-03-14,14,3,1,2018,March,2026-05-09 20:49:58.217644+00
1231,2018-03-15,15,3,1,2018,March,2026-05-09 20:49:58.217644+00
1232,2018-03-16,16,3,1,2018,March,2026-05-09 20:49:58.217644+00
1233,2018-03-17,17,3,1,2018,March,2026-05-09 20:49:58.217644+00
1234,2018-03-18,18,3,1,2018,March,2026-05-09 20:49:58.217644+00
1235,2018-03-19,19,3,1,2018,March,2026-05-09 20:49:58.217644+00
1236,2018-03-20,20,3,1,2018,March,2026-05-09 20:49:58.217644+00
1237,2018-03-21,21,3,1,2018,March,2026-05-09 20:49:58.217644+00
1238,2018-03-22,22,3,1,2018,March,2026-05-09 20:49:58.217644+00
1239,2018-03-23,23,3,1,2018,March,2026-05-09 20:49:58.217644+00
1240,2018-03-24,24,3,1,2018,March,2026-05-09 20:49:58.217644+00
1241,2018-03-25,25,3,1,2018,March,2026-05-09 20:49:58.217644+00
1242,2018-03-26,26,3,1,2018,March,2026-05-09 20:49:58.217644+00
1243,2018-03-27,27,3,1,2018,March,2026-05-09 20:49:58.217644+00
1244,2018-03-28,28,3,1,2018,March,2026-05-09 20:49:58.217644+00
1245,2018-03-29,29,3,1,2018,March,2026-05-09 20:49:58.217644+00
1246,2018-03-30,30,3,1,2018,March,2026-05-09 20:49:58.217644+00
1247,2018-03-31,31,3,1,2018,March,2026-05-09 20:49:58.217644+00
1248,2018-04-01,1,4,2,2018,April,2026-05-09 20:49:58.217644+00
1249,2018-04-02,2,4,2,2018,April,2026-05-09 20:49:58.217644+00
1250,2018-04-03,3,4,2,2018,April,2026-05-09 20:49:58.217644+00
1251,2018-04-04,4,4,2,2018,April,2026-05-09 20:49:58.217644+00
1252,2018-04-05,5,4,2,2018,April,2026-05-09 20:49:58.217644+00
1253,2018-04-06,6,4,2,2018,April,2026-05-09 20:49:58.217644+00
1254,2018-04-07,7,4,2,2018,April,2026-05-09 20:49:58.217644+00
1255,2018-04-08,8,4,2,2018,April,2026-05-09 20:49:58.217644+00
1256,2018-04-09,9,4,2,2018,April,2026-05-09 20:49:58.217644+00
1257,2018-04-10,10,4,2,2018,April,2026-05-09 20:49:58.217644+00
1258,2018-04-11,11,4,2,2018,April,2026-05-09 20:49:58.217644+00
1259,2018-04-12,12,4,2,2018,April,2026-05-09 20:49:58.217644+00
1260,2018-04-13,13,4,2,2018,April,2026-05-09 20:49:58.217644+00
1261,2018-04-14,14,4,2,2018,April,2026-05-09 20:49:58.217644+00
1262,2018-04-15,15,4,2,2018,April,2026-05-09 20:49:58.217644+00
1263,2018-04-16,16,4,2,2018,April,2026-05-09 20:49:58.217644+00
1264,2018-04-17,17,4,2,2018,April,2026-05-09 20:49:58.217644+00
1265,2018-04-18,18,4,2,2018,April,2026-05-09 20:49:58.217644+00
1266,2018-04-19,19,4,2,2018,April,2026-05-09 20:49:58.217644+00
1267,2018-04-20,20,4,2,2018,April,2026-05-09 20:49:58.217644+00
1268,2018-04-21,21,4,2,2018,April,2026-05-09 20:49:58.217644+00
1269,2018-04-22,22,4,2,2018,April,2026-05-09 20:49:58.217644+00
1270,2018-04-23,23,4,2,2018,April,2026-05-09 20:49:58.217644+00
1271,2018-04-24,24,4,2,2018,April,2026-05-09 20:49:58.217644+00
1272,2018-04-25,25,4,2,2018,April,2026-05-09 20:49:58.217644+00
1273,2018-04-26,26,4,2,2018,April,2026-05-09 20:49:58.217644+00
1274,2018-04-27,27,4,2,2018,April,2026-05-09 20:49:58.217644+00
1275,2018-04-28,28,4,2,2018,April,2026-05-09 20:49:58.217644+00
1276,2018-04-29,29,4,2,2018,April,2026-05-09 20:49:58.217644+00
1277,2018-04-30,30,4,2,2018,April,2026-05-09 20:49:58.217644+00
1278,2018-05-01,1,5,2,2018,May,2026-05-09 20:49:58.217644+00
1279,2018-05-02,2,5,2,2018,May,2026-05-09 20:49:58.217644+00
1280,2018-05-03,3,5,2,2018,May,2026-05-09 20:49:58.217644+00
1281,2018-05-04,4,5,2,2018,May,2026-05-09 20:49:58.217644+00
1282,2018-05-05,5,5,2,2018,May,2026-05-09 20:49:58.217644+00
1283,2018-05-06,6,5,2,2018,May,2026-05-09 20:49:58.217644+00
1284,2018-05-07,7,5,2,2018,May,2026-05-09 20:49:58.217644+00
1285,2018-05-08,8,5,2,2018,May,2026-05-09 20:49:58.217644+00
1286,2018-05-09,9,5,2,2018,May,2026-05-09 20:49:58.217644+00
1287,2018-05-10,10,5,2,2018,May,2026-05-09 20:49:58.217644+00
1288,2018-05-11,11,5,2,2018,May,2026-05-09 20:49:58.217644+00
1289,2018-05-12,12,5,2,2018,May,2026-05-09 20:49:58.217644+00
1290,2018-05-13,13,5,2,2018,May,2026-05-09 20:49:58.217644+00
1291,2018-05-14,14,5,2,2018,May,2026-05-09 20:49:58.217644+00
1292,2018-05-15,15,5,2,2018,May,2026-05-09 20:49:58.217644+00
1293,2018-05-16,16,5,2,2018,May,2026-05-09 20:49:58.217644+00
1294,2018-05-17,17,5,2,2018,May,2026-05-09 20:49:58.217644+00
1295,2018-05-18,18,5,2,2018,May,2026-05-09 20:49:58.217644+00
1296,2018-05-19,19,5,2,2018,May,2026-05-09 20:49:58.217644+00
1297,2018-05-20,20,5,2,2018,May,2026-05-09 20:49:58.217644+00
1298,2018-05-21,21,5,2,2018,May,2026-05-09 20:49:58.217644+00
1299,2018-05-22,22,5,2,2018,May,2026-05-09 20:49:58.217644+00
1300,2018-05-23,23,5,2,2018,May,2026-05-09 20:49:58.217644+00
1301,2018-05-24,24,5,2,2018,May,2026-05-09 20:49:58.217644+00
1302,2018-05-25,25,5,2,2018,May,2026-05-09 20:49:58.217644+00
1303,2018-05-26,26,5,2,2018,May,2026-05-09 20:49:58.217644+00
1304,2018-05-27,27,5,2,2018,May,2026-05-09 20:49:58.217644+00
1305,2018-05-28,28,5,2,2018,May,2026-05-09 20:49:58.217644+00
1306,2018-05-29,29,5,2,2018,May,2026-05-09 20:49:58.217644+00
1307,2018-05-30,30,5,2,2018,May,2026-05-09 20:49:58.217644+00
1308,2018-05-31,31,5,2,2018,May,2026-05-09 20:49:58.217644+00
1309,2018-06-01,1,6,2,2018,June,2026-05-09 20:49:58.217644+00
1310,2018-06-02,2,6,2,2018,June,2026-05-09 20:49:58.217644+00
1311,2018-06-03,3,6,2,2018,June,2026-05-09 20:49:58.217644+00
1312,2018-06-04,4,6,2,2018,June,2026-05-09 20:49:58.217644+00
1313,2018-06-05,5,6,2,2018,June,2026-05-09 20:49:58.217644+00
1314,2018-06-06,6,6,2,2018,June,2026-05-09 20:49:58.217644+00
1315,2018-06-07,7,6,2,2018,June,2026-05-09 20:49:58.217644+00
1316,2018-06-08,8,6,2,2018,June,2026-05-09 20:49:58.217644+00
1317,2018-06-09,9,6,2,2018,June,2026-05-09 20:49:58.217644+00
1318,2018-06-10,10,6,2,2018,June,2026-05-09 20:49:58.217644+00
1319,2018-06-11,11,6,2,2018,June,2026-05-09 20:49:58.217644+00
1320,2018-06-12,12,6,2,2018,June,2026-05-09 20:49:58.217644+00
1321,2018-06-13,13,6,2,2018,June,2026-05-09 20:49:58.217644+00
1322,2018-06-14,14,6,2,2018,June,2026-05-09 20:49:58.217644+00
1323,2018-06-15,15,6,2,2018,June,2026-05-09 20:49:58.217644+00
1324,2018-06-16,16,6,2,2018,June,2026-05-09 20:49:58.217644+00
1325,2018-06-17,17,6,2,2018,June,2026-05-09 20:49:58.217644+00
1326,2018-06-18,18,6,2,2018,June,2026-05-09 20:49:58.217644+00
1327,2018-06-19,19,6,2,2018,June,2026-05-09 20:49:58.217644+00
1328,2018-06-20,20,6,2,2018,June,2026-05-09 20:49:58.217644+00
1329,2018-06-21,21,6,2,2018,June,2026-05-09 20:49:58.217644+00
1330,2018-06-22,22,6,2,2018,June,2026-05-09 20:49:58.217644+00
1331,2018-06-23,23,6,2,2018,June,2026-05-09 20:49:58.217644+00
1332,2018-06-24,24,6,2,2018,June,2026-05-09 20:49:58.217644+00
1333,2018-06-25,25,6,2,2018,June,2026-05-09 20:49:58.217644+00
1334,2018-06-26,26,6,2,2018,June,2026-05-09 20:49:58.217644+00
1335,2018-06-27,27,6,2,2018,June,2026-05-09 20:49:58.217644+00
1336,2018-06-28,28,6,2,2018,June,2026-05-09 20:49:58.217644+00
1337,2018-06-29,29,6,2,2018,June,2026-05-09 20:49:58.217644+00
1338,2018-06-30,30,6,2,2018,June,2026-05-09 20:49:58.217644+00
1339,2018-07-01,1,7,3,2018,July,2026-05-09 20:49:58.217644+00
1340,2018-07-02,2,7,3,2018,July,2026-05-09 20:49:58.217644+00
1341,2018-07-03,3,7,3,2018,July,2026-05-09 20:49:58.217644+00
1342,2018-07-04,4,7,3,2018,July,2026-05-09 20:49:58.217644+00
1343,2018-07-05,5,7,3,2018,July,2026-05-09 20:49:58.217644+00
1344,2018-07-06,6,7,3,2018,July,2026-05-09 20:49:58.217644+00
1345,2018-07-07,7,7,3,2018,July,2026-05-09 20:49:58.217644+00
1346,2018-07-08,8,7,3,2018,July,2026-05-09 20:49:58.217644+00
1347,2018-07-09,9,7,3,2018,July,2026-05-09 20:49:58.217644+00
1348,2018-07-10,10,7,3,2018,July,2026-05-09 20:49:58.217644+00
1349,2018-07-11,11,7,3,2018,July,2026-05-09 20:49:58.217644+00
1350,2018-07-12,12,7,3,2018,July,2026-05-09 20:49:58.217644+00
1351,2018-07-13,13,7,3,2018,July,2026-05-09 20:49:58.217644+00
1352,2018-07-14,14,7,3,2018,July,2026-05-09 20:49:58.217644+00
1353,2018-07-15,15,7,3,2018,July,2026-05-09 20:49:58.217644+00
1354,2018-07-16,16,7,3,2018,July,2026-05-09 20:49:58.217644+00
1355,2018-07-17,17,7,3,2018,July,2026-05-09 20:49:58.217644+00
1356,2018-07-18,18,7,3,2018,July,2026-05-09 20:49:58.217644+00
1357,2018-07-19,19,7,3,2018,July,2026-05-09 20:49:58.217644+00
1358,2018-07-20,20,7,3,2018,July,2026-05-09 20:49:58.217644+00
1359,2018-07-21,21,7,3,2018,July,2026-05-09 20:49:58.217644+00
1360,2018-07-22,22,7,3,2018,July,2026-05-09 20:49:58.217644+00
1361,2018-07-23,23,7,3,2018,July,2026-05-09 20:49:58.217644+00
1362,2018-07-24,24,7,3,2018,July,2026-05-09 20:49:58.217644+00
1363,2018-07-25,25,7,3,2018,July,2026-05-09 20:49:58.217644+00
1364,2018-07-26,26,7,3,2018,July,2026-05-09 20:49:58.217644+00
1365,2018-07-27,27,7,3,2018,July,2026-05-09 20:49:58.217644+00
1366,2018-07-28,28,7,3,2018,July,2026-05-09 20:49:58.217644+00
1367,2018-07-29,29,7,3,2018,July,2026-05-09 20:49:58.217644+00
1368,2018-07-30,30,7,3,2018,July,2026-05-09 20:49:58.217644+00
1369,2018-07-31,31,7,3,2018,July,2026-05-09 20:49:58.217644+00
1370,2018-08-01,1,8,3,2018,August,2026-05-09 20:49:58.217644+00
1371,2018-08-02,2,8,3,2018,August,2026-05-09 20:49:58.217644+00
1372,2018-08-03,3,8,3,2018,August,2026-05-09 20:49:58.217644+00
1373,2018-08-04,4,8,3,2018,August,2026-05-09 20:49:58.217644+00
1374,2018-08-05,5,8,3,2018,August,2026-05-09 20:49:58.217644+00
1375,2018-08-06,6,8,3,2018,August,2026-05-09 20:49:58.217644+00
1376,2018-08-07,7,8,3,2018,August,2026-05-09 20:49:58.217644+00
1377,2018-08-08,8,8,3,2018,August,2026-05-09 20:49:58.217644+00